,Technology,Dataset,Sample,Method,train_sample,test_sample,ARI,NMI,FMI,Purity,Homogeneity,Completeness,V_measure,Simulation
0,scCube,sim6,sim6_151669_151673,BASS,151673,151669,0.331467589237272,0.5719474541254381,0.49860694467982797,0.7230897936419409,0.6053757713755615,0.542017713086932,0.571947454125438,Add adjacent domain
1,scCube,sim6,sim6_151669_151673,Banksy,151673,151669,0.46086829780134453,0.6633462383680069,0.6004870900323093,0.7844952593418851,0.6892554909128795,0.6394042957851628,0.6633462383680069,Add adjacent domain
2,scCube,sim6,sim6_151669_151673,BayesSpace,151673,151669,0.48913697232845693,0.6741769402330211,0.6203544293972686,0.8106525376464028,0.7104245576203003,0.6414486444710356,0.6741769402330211,Add adjacent domain
3,scCube,sim6,sim6_151669_151673,CCST,151673,151669,0.394526849230999,0.5868656441600846,0.5543274230395737,0.7408254322364752,0.6000296392559566,0.5743656522551773,0.5868656441600846,Add adjacent domain
4,scCube,sim6,sim6_151669_151673,CellCharter,151673,151669,0.33090370486191223,0.5390188957785519,0.49645327424995944,0.7204127161182375,0.5737293080554118,0.5082762118406969,0.539018895778552,Add adjacent domain
5,scCube,sim6,sim6_151669_151673,DeepST,151673,151669,0.4690173818861004,0.66091672868333,0.6104701679674618,0.7646960401561629,0.6714412661610626,0.651142671745095,0.6609167286833301,Add adjacent domain
6,scCube,sim6,sim6_151669_151673,GraphST,151673,151669,0.435865709007918,0.6657125374510061,0.576758498369459,0.8025655326268823,0.7189301693272667,0.6198305901110553,0.6657125374510061,Add adjacent domain
7,scCube,sim6,sim6_151669_151673,PRECAST,151673,151669,0.2327600612992132,0.3685664843643288,0.42260659460495653,0.6296709425543782,0.38943149143799766,0.34982359396366813,0.36856648436432876,Add adjacent domain
8,scCube,sim6,sim6_151669_151673,SEDR,151673,151669,0.49732952072589437,0.6741362956728449,0.6266023599063033,0.8119910764082544,0.7131437758245737,0.6391774099319699,0.6741362956728449,Add adjacent domain
9,scCube,sim6,sim6_151669_151673,STAGATE,151673,151669,0.4907779272221993,0.681442177756057,0.6217981017179074,0.8139431121026213,0.7166415580861584,0.6495387040938561,0.681442177756057,Add adjacent domain
10,scCube,sim6,sim6_151669_151673,SpaGCN,151673,151669,0.3829417777638648,0.5683994146457824,0.5422191492813302,0.7548800892359174,0.5881768992114372,0.5499087006214125,0.5683994146457823,Add adjacent domain
11,scCube,sim6,sim6_151669_151673,SpaceFlow,151673,151669,0.33531060286002684,0.5298453078414308,0.4955718375404629,0.7329615170105968,0.5739720826515422,0.4920192988008564,0.5298453078414307,Add adjacent domain
12,scCube,sim6,sim6_151669_151673,SpatialMGCN,151673,151669,0.3655079400428386,0.5264378326305659,0.5238684606629633,0.711377579475739,0.5565353090428864,0.499428687142973,0.526437832630566,Add adjacent domain
13,scCube,sim6,sim6_151669_151673,stLearn,151673,151669,0.20619100400881832,0.3334372228905242,0.4285458077312615,0.6301728945900725,0.32623849742388084,0.3415692226911828,0.3334372228905242,Add adjacent domain
14,scCube,sim6,sim6_151669_151674,BASS,151674,151669,0.4419434050896439,0.6867672603052082,0.5819810362844995,0.8218070273284998,0.7376536955045087,0.6424484788915976,0.6867672603052082,Add adjacent domain
15,scCube,sim6,sim6_151669_151674,Banksy,151674,151669,0.47962956299862114,0.6579636981307225,0.6194043163824916,0.7684885666480759,0.6669670022184154,0.6496190850324457,0.6579636981307226,Add adjacent domain
16,scCube,sim6,sim6_151669_151674,BayesSpace,151674,151669,0.49586644208635355,0.6844319177104101,0.6256425337789843,0.8126045733407696,0.7206978665364328,0.6516409541282249,0.6844319177104101,Add adjacent domain
17,scCube,sim6,sim6_151669_151674,CCST,151674,151669,0.3950524755170761,0.5836998233359192,0.555270521890205,0.7345231455660903,0.5950364825454939,0.5728500932908661,0.5836998233359192,Add adjacent domain
18,scCube,sim6,sim6_151669_151674,CellCharter,151674,151669,0.32587296491948586,0.5311722109912005,0.4913873108567369,0.7081427774679309,0.568438944938664,0.49853721427927356,0.5311722109912005,Add adjacent domain
19,scCube,sim6,sim6_151669_151674,DeepST,151674,151669,0.541743108864118,0.684493206174597,0.6660183570705683,0.7802007808142777,0.692143009965659,0.6775900321439181,0.6844932061745969,Add adjacent domain
20,scCube,sim6,sim6_151669_151674,GraphST,151674,151669,0.4387862146936376,0.6701175156689744,0.5791952699242187,0.8095370886781929,0.7225686043109235,0.6247659026267838,0.6701175156689744,Add adjacent domain
21,scCube,sim6,sim6_151669_151674,PRECAST,151674,151669,0.3758681276338333,0.5061036898061446,0.531584784477846,0.7122141662018963,0.53749768898806,0.47817461445816506,0.5061036898061446,Add adjacent domain
22,scCube,sim6,sim6_151669_151674,SEDR,151674,151669,0.516770225658893,0.6833315336590369,0.6417280211344425,0.8148912437255994,0.7236660939006313,0.6472558146878791,0.6833315336590366,Add adjacent domain
23,scCube,sim6,sim6_151669_151674,STAGATE,151674,151669,0.4675521585622541,0.6699690137264183,0.6071518364585137,0.7895705521472391,0.6903174601919789,0.6510547498766999,0.6699690137264183,Add adjacent domain
24,scCube,sim6,sim6_151669_151674,SpaGCN,151674,151669,0.3735321327204062,0.5128806500878461,0.528516187352078,0.7322922476296709,0.549507880950016,0.4808310465119273,0.5128806500878461,Add adjacent domain
25,scCube,sim6,sim6_151669_151674,SpaceFlow,151674,151669,0.29542065616073543,0.48550115270586114,0.46377592303373005,0.7039598438371444,0.5251481850943192,0.4514669380989334,0.48550115270586114,Add adjacent domain
26,scCube,sim6,sim6_151669_151674,SpatialMGCN,151674,151669,0.3648993658414721,0.5227728128824176,0.5221136693232181,0.7069157836029002,0.5569026328048937,0.49258472104125206,0.5227728128824176,Add adjacent domain
27,scCube,sim6,sim6_151669_151674,stLearn,151674,151669,0.22325191154861743,0.3489336549894335,0.4411899545959136,0.6311210262130508,0.3380337188662594,0.36089801089823553,0.3489336549894335,Add adjacent domain
28,scCube,sim6,sim6_151669_151675,BASS,151675,151669,0.31300957668122814,0.5698285464614199,0.4865849410078925,0.7216954824316788,0.5985735938262627,0.543717815036681,0.56982854646142,Add adjacent domain
29,scCube,sim6,sim6_151669_151675,Banksy,151675,151669,0.4284056767140442,0.6286443214991554,0.5833649518012543,0.743112102621305,0.6282139309840776,0.6293621581453878,0.6286443214991553,Add adjacent domain
30,scCube,sim6,sim6_151669_151675,BayesSpace,151675,151669,0.49117531922959123,0.6750753849870681,0.6220025855438491,0.8109313998884551,0.7110152960476602,0.6425939870869742,0.6750753849870681,Add adjacent domain
31,scCube,sim6,sim6_151669_151675,CCST,151675,151669,0.41444321331518097,0.614752659875781,0.5672612856567533,0.7606246514221974,0.6330647225968107,0.5975035943045348,0.614752659875781,Add adjacent domain
32,scCube,sim6,sim6_151669_151675,CellCharter,151675,151669,0.3373242352420616,0.5171980205634303,0.50157762092553,0.7018962632459564,0.550528177661913,0.48769785952050776,0.5171980205634304,Add adjacent domain
33,scCube,sim6,sim6_151669_151675,DeepST,151675,151669,0.40537385822463506,0.6403607147235826,0.5516032877211297,0.7989960959286113,0.7154170530576576,0.5997160633884333,0.6403607147235826,Add adjacent domain
34,scCube,sim6,sim6_151669_151675,GraphST,151675,151669,0.4598705193371992,0.6696833784197683,0.5974055832254479,0.8098159509202454,0.7076092116591772,0.6356161668152396,0.6696833784197684,Add adjacent domain
35,scCube,sim6,sim6_151669_151675,PRECAST,151675,151669,0.36361893284894276,0.5035004818003955,0.5215623461244159,0.7119353039598438,0.5360020591225035,0.47471516049040846,0.5035004818003955,Add adjacent domain
36,scCube,sim6,sim6_151669_151675,SEDR,151675,151669,0.49720249074868333,0.6798385754760357,0.6265407266784708,0.8190741773563859,0.7209802886116486,0.6431397808205405,0.6798385754760357,Add adjacent domain
37,scCube,sim6,sim6_151669_151675,STAGATE,151675,151669,0.49170580156610744,0.6813138218594899,0.6223731210352185,0.8174010039040713,0.7189030161576767,0.6474823013445482,0.6813138218594899,Add adjacent domain
38,scCube,sim6,sim6_151669_151675,SpaGCN,151675,151669,0.45087383373998235,0.6056700016381885,0.5901686260672683,0.7902955939765756,0.64326858352589,0.5722239282918777,0.6056700016381885,Add adjacent domain
39,scCube,sim6,sim6_151669_151675,SpaceFlow,151675,151669,0.38040582838009684,0.5790455151629029,0.5358398687845554,0.7413273842721695,0.6090304352517342,0.5522381413967175,0.5790455151629029,Add adjacent domain
40,scCube,sim6,sim6_151669_151675,SpatialMGCN,151675,151669,0.2689229953297403,0.4358749981336711,0.44502072836314055,0.6416620189626324,0.4668157645237835,0.4087808152250444,0.4358749981336711,Add adjacent domain
41,scCube,sim6,sim6_151669_151675,stLearn,151675,151669,0.20961155919565272,0.3384108027516383,0.42689135769420183,0.6319018404907976,0.3357957165487421,0.34148810506772664,0.3384108027516383,Add adjacent domain
42,scCube,sim6,sim6_151669_151676,BASS,151676,151669,0.3227167751658749,0.5684739702831394,0.4911499015960989,0.7158393753485778,0.6029390740487517,0.537735994198577,0.5684739702831394,Add adjacent domain
43,scCube,sim6,sim6_151669_151676,Banksy,151676,151669,0.3828444383567725,0.6164353921023541,0.5455708947404214,0.739542665923034,0.6275592302397843,0.6060805223028874,0.616435392102354,Add adjacent domain
44,scCube,sim6,sim6_151669_151676,BayesSpace,151676,151669,0.5280916901753664,0.6878836829092224,0.6508903012944148,0.8100948131622978,0.7217397389207588,0.6570616102426012,0.6878836829092224,Add adjacent domain
45,scCube,sim6,sim6_151669_151676,CCST,151676,151669,0.39754735305375644,0.5900381049003173,0.5551717847734283,0.749525934188511,0.6069780842912442,0.5740855567885265,0.5900381049003173,Add adjacent domain
46,scCube,sim6,sim6_151669_151676,CellCharter,151676,151669,0.3205495047772709,0.5154413207189643,0.48674360995799004,0.6958170663692136,0.5508606131325113,0.48455846107025885,0.5154413207189643,Add adjacent domain
47,scCube,sim6,sim6_151669_151676,DeepST,151676,151669,0.5016352146487736,0.6803786916316297,0.632438481828096,0.7962074735080871,0.7056038998114127,0.657211428986544,0.6803786916316297,Add adjacent domain
48,scCube,sim6,sim6_151669_151676,GraphST,151676,151669,0.46776546883197956,0.6699433776711984,0.603515377093676,0.8106525376464028,0.7079495614249122,0.6358099973990776,0.6699433776711984,Add adjacent domain
49,scCube,sim6,sim6_151669_151676,PRECAST,151676,151669,0.3583583426166397,0.5082089988727394,0.5179047045351619,0.7175125488008923,0.5396841571847407,0.4802028747299659,0.5082089988727393,Add adjacent domain
50,scCube,sim6,sim6_151669_151676,SEDR,151676,151669,0.5510146814659211,0.6943941044851976,0.6683748633646734,0.817345231455661,0.7347059959457353,0.658275792912885,0.6943941044851976,Add adjacent domain
51,scCube,sim6,sim6_151669_151676,STAGATE,151676,151669,0.46016319377687437,0.6646272370756344,0.600342019636338,0.7950920245398774,0.6909950456965797,0.6405070203135483,0.6646272370756344,Add adjacent domain
52,scCube,sim6,sim6_151669_151676,SpaGCN,151676,151669,0.4794176964385309,0.6216726317996171,0.6129350949189273,0.7975460122699386,0.6571504314143167,0.5898293195162548,0.6216726317996171,Add adjacent domain
53,scCube,sim6,sim6_151669_151676,SpaceFlow,151676,151669,0.3878174631490226,0.6103806760987123,0.5401680489494342,0.7553262688232014,0.6510788618463696,0.5745892514699369,0.6103806760987123,Add adjacent domain
54,scCube,sim6,sim6_151669_151676,SpatialMGCN,151676,151669,0.37262811473924,0.524244773284675,0.5269653361128497,0.7158393753485778,0.5628622757887396,0.4905860792176428,0.5242447732846749,Add adjacent domain
55,scCube,sim6,sim6_151669_151676,stLearn,151676,151669,0.2144655927352314,0.3277405348840839,0.42847244293159054,0.6259341885108756,0.32496994681857966,0.3306468188680601,0.32774053488408383,Add adjacent domain
56,scCube,sim6,sim6_151670_151673,BASS,151673,151670,0.3147537804565968,0.545387031998324,0.5127925054196091,0.7858783008036739,0.6236414372544231,0.48458180244921445,0.545387031998324,Add adjacent domain
57,scCube,sim6,sim6_151670_151673,Banksy,151673,151670,0.2846855057562485,0.528251338649296,0.4958768012715863,0.7649827784156142,0.5857557742535958,0.4813672915842101,0.528251338649296,Add adjacent domain
58,scCube,sim6,sim6_151670_151673,BayesSpace,151673,151670,0.44065166327434657,0.6021640633807349,0.6145429130191308,0.8277841561423651,0.6659225999240882,0.5495477937235189,0.6021640633807348,Add adjacent domain
59,scCube,sim6,sim6_151670_151673,CCST,151673,151670,0.4119739562407608,0.5208921036444375,0.601253775699227,0.7610792192881746,0.5467893381034743,0.49734773746177297,0.5208921036444375,Add adjacent domain
60,scCube,sim6,sim6_151670_151673,CellCharter,151673,151670,0.2527634934034452,0.45498989863836503,0.4658846417706627,0.7278989667049369,0.5158811851635605,0.4070754192418896,0.45498989863836503,Add adjacent domain
61,scCube,sim6,sim6_151670_151673,DeepST,151673,151670,0.430427418835163,0.6125163486519664,0.609789012984497,0.8160734787600459,0.6646856607800785,0.5681685578810659,0.6125163486519665,Add adjacent domain
62,scCube,sim6,sim6_151670_151673,GraphST,151673,151670,0.43410236888029435,0.6142287682986942,0.6104492724005236,0.8318025258323767,0.6730163070093405,0.5648863144365858,0.6142287682986942,Add adjacent domain
63,scCube,sim6,sim6_151670_151673,PRECAST,151673,151670,0.3453073809818019,0.4459574432795287,0.5403512722571131,0.7600459242250287,0.502273755652488,0.40099660326754316,0.4459574432795287,Add adjacent domain
64,scCube,sim6,sim6_151670_151673,SEDR,151673,151670,0.5083470561004383,0.6195519150404751,0.6657016624549109,0.8300803673938002,0.6814187678825383,0.5679891745732164,0.6195519150404751,Add adjacent domain
65,scCube,sim6,sim6_151670_151673,STAGATE,151673,151670,0.44174269329403015,0.6232673890729133,0.615334164905189,0.8355338691159586,0.6897520874608555,0.5684727389222319,0.6232673890729133,Add adjacent domain
66,scCube,sim6,sim6_151670_151673,SpaGCN,151673,151670,0.2448863294002858,0.456136237746947,0.45880473124316035,0.7571756601607348,0.5185526948558669,0.4071312125698408,0.456136237746947,Add adjacent domain
67,scCube,sim6,sim6_151670_151673,SpaceFlow,151673,151670,0.30309367203111204,0.5319364165891846,0.5115546305190745,0.760792192881745,0.5841205370348305,0.48919727320234,0.5319364165891846,Add adjacent domain
68,scCube,sim6,sim6_151670_151673,SpatialMGCN,151673,151670,0.2615321721794212,0.2718521643926164,0.4811176708509041,0.6409299655568312,0.3001142559748525,0.24845489225639011,0.2718521643926164,Add adjacent domain
69,scCube,sim6,sim6_151670_151673,stLearn,151673,151670,0.19248729653679658,0.30281655894562226,0.46754060286469395,0.67451205510907,0.2939254283196998,0.312290355393006,0.3028165589456223,Add adjacent domain
70,scCube,sim6,sim6_151670_151674,BASS,151674,151670,0.27564210852388676,0.5249785167432983,0.4866254047213003,0.769804822043628,0.590079115392519,0.4728150950354776,0.5249785167432983,Add adjacent domain
71,scCube,sim6,sim6_151670_151674,Banksy,151674,151670,0.3296249116134654,0.566685015777489,0.534052989743931,0.7978185993111366,0.6152254643525438,0.5258070981383808,0.566685015777489,Add adjacent domain
72,scCube,sim6,sim6_151670_151674,BayesSpace,151674,151670,0.4354464258557053,0.5926681835423107,0.6107004639889444,0.8177382319173365,0.655332328455035,0.5409422401481099,0.5926681835423107,Add adjacent domain
73,scCube,sim6,sim6_151670_151674,CCST,151674,151670,0.3908098236293678,0.5043162058184166,0.5851705021603638,0.7585533869115959,0.5324708083559964,0.4790023578736193,0.5043162058184166,Add adjacent domain
74,scCube,sim6,sim6_151670_151674,CellCharter,151674,151670,0.24981992441918202,0.46335889607373293,0.4634888848832562,0.7366819747416763,0.5274245077301124,0.41323464458320275,0.4633588960737328,Add adjacent domain
75,scCube,sim6,sim6_151670_151674,DeepST,151674,151670,0.42666948444877856,0.609003477453003,0.6077752081918885,0.811308840413318,0.6552024223594709,0.5690937359704423,0.609003477453003,Add adjacent domain
76,scCube,sim6,sim6_151670_151674,GraphST,151674,151670,0.4366311463921423,0.6065572304896582,0.6166914781244164,0.8257749712973593,0.6546492359545958,0.565047565303961,0.6065572304896583,Add adjacent domain
77,scCube,sim6,sim6_151670_151674,PRECAST,151674,151670,0.2689616252244425,0.3607587704266299,0.48069675255113176,0.715556831228473,0.4070125200865502,0.3239449879577351,0.36075877042662996,Add adjacent domain
78,scCube,sim6,sim6_151670_151674,SEDR,151674,151670,0.49073881602319525,0.6158563413849155,0.6523691579142927,0.8351894374282434,0.6787247121510623,0.5637502662199835,0.6158563413849155,Add adjacent domain
79,scCube,sim6,sim6_151670_151674,STAGATE,151674,151670,0.4575668823016577,0.6051168356704866,0.627423210413634,0.8318025258323767,0.6697745644006392,0.5518437444536742,0.6051168356704866,Add adjacent domain
80,scCube,sim6,sim6_151670_151674,SpaGCN,151674,151670,0.2861946379480372,0.4829919268393542,0.49606856469844585,0.7617680826636051,0.5400281867467335,0.4368527651010331,0.4829919268393542,Add adjacent domain
81,scCube,sim6,sim6_151670_151674,SpaceFlow,151674,151670,0.31328799482476744,0.4818554744836206,0.5178179687418049,0.7438576349024111,0.5351603858693629,0.43846491165998386,0.4818554744836206,Add adjacent domain
82,scCube,sim6,sim6_151670_151674,SpatialMGCN,151674,151670,0.295619748263645,0.4088511961222562,0.5119998000506989,0.6997703788748565,0.44595462705089267,0.3774475545416504,0.4088511961222562,Add adjacent domain
83,scCube,sim6,sim6_151670_151674,stLearn,151674,151670,0.19977793779226288,0.3110219588896367,0.46391717066059457,0.6768656716417911,0.30994632271604605,0.3128476954707925,0.31102195888963674,Add adjacent domain
84,scCube,sim6,sim6_151670_151675,BASS,151675,151670,0.2929062015919299,0.5139514023665817,0.4940852235312521,0.7809988518943742,0.5923455738955021,0.453882210598081,0.5139514023665817,Add adjacent domain
85,scCube,sim6,sim6_151670_151675,Banksy,151675,151670,0.3551523540843892,0.585219833665054,0.5575292956372906,0.8117106773823192,0.6262259836808612,0.5492965845083416,0.585219833665054,Add adjacent domain
86,scCube,sim6,sim6_151670_151675,BayesSpace,151675,151670,0.36350418938500223,0.5418829531920287,0.561752187228046,0.8105625717566017,0.5858677882224341,0.5040413511695625,0.5418829531920287,Add adjacent domain
87,scCube,sim6,sim6_151670_151675,CCST,151675,151670,0.39348142319223717,0.5186406817767728,0.5860989290786984,0.7805970149253731,0.5536688262743212,0.4881201665381531,0.5186406817767728,Add adjacent domain
88,scCube,sim6,sim6_151670_151675,CellCharter,151675,151670,0.24126531587602593,0.4465390521132438,0.4562207264258715,0.719804822043628,0.5081141074789501,0.3985048590791641,0.4465390521132438,Add adjacent domain
89,scCube,sim6,sim6_151670_151675,DeepST,151675,151670,0.45077241847901856,0.6100224631947708,0.6256908450405436,0.8024110218140068,0.6527591701456886,0.5728987231103916,0.6100224631947708,Add adjacent domain
90,scCube,sim6,sim6_151670_151675,GraphST,151675,151670,0.3705652505568567,0.6028970304383431,0.5577583888545617,0.8277841561423651,0.6860369902600922,0.5377301856934994,0.6028970304383431,Add adjacent domain
91,scCube,sim6,sim6_151670_151675,PRECAST,151675,151670,0.3436763660768439,0.4564618613024159,0.5390776031415458,0.7617680826636051,0.5138116206434886,0.41062896921370473,0.4564618613024159,Add adjacent domain
92,scCube,sim6,sim6_151670_151675,SEDR,151675,151670,0.46803524341294533,0.6109474702580115,0.6355168838244913,0.830654420206659,0.6753084163561287,0.5577870220648271,0.6109474702580117,Add adjacent domain
93,scCube,sim6,sim6_151670_151675,STAGATE,151675,151670,0.451180642814524,0.604901580115339,0.6224240003416349,0.8356486796785305,0.6708278344602536,0.5507738302914089,0.604901580115339,Add adjacent domain
94,scCube,sim6,sim6_151670_151675,SpaGCN,151675,151670,0.2812716784998712,0.4252939655622778,0.4862619706762842,0.7382319173363949,0.48808312348761496,0.3768183916962465,0.4252939655622778,Add adjacent domain
95,scCube,sim6,sim6_151670_151675,SpaceFlow,151675,151670,0.28452834083169376,0.4393728628640588,0.4915805659694456,0.7385189437428243,0.49635577882744186,0.3941588401768463,0.4393728628640588,Add adjacent domain
96,scCube,sim6,sim6_151670_151675,SpatialMGCN,151675,151670,0.2616502370597551,0.2285060623416074,0.49050744854699085,0.633467278989667,0.2471768893029025,0.21245778775215357,0.2285060623416074,Add adjacent domain
97,scCube,sim6,sim6_151670_151675,stLearn,151675,151670,0.19995438799014126,0.29713617225528066,0.45263330555701814,0.6777267508610791,0.30972330626579503,0.28555744721877013,0.29713617225528066,Add adjacent domain
98,scCube,sim6,sim6_151670_151676,BASS,151676,151670,0.30237208153659095,0.5400309947124707,0.502965701653022,0.7818599311136625,0.6172061568941425,0.4800106882106565,0.5400309947124707,Add adjacent domain
99,scCube,sim6,sim6_151670_151676,Banksy,151676,151670,0.36108746698263355,0.5883478237020745,0.5606786372854318,0.8108495981630309,0.6322901911940569,0.5503080861141777,0.5883478237020745,Add adjacent domain
100,scCube,sim6,sim6_151670_151676,BayesSpace,151676,151670,0.3258754203240396,0.5296027150274477,0.523153496004831,0.7634902411021814,0.5998996084389924,0.47405270020947754,0.5296027150274477,Add adjacent domain
101,scCube,sim6,sim6_151670_151676,CCST,151676,151670,0.4092398668176065,0.5345906648543953,0.5959959028977881,0.7859931113662457,0.5749434354707873,0.49991514755012884,0.5345906648543953,Add adjacent domain
102,scCube,sim6,sim6_151670_151676,CellCharter,151676,151670,0.2268036318236036,0.4285165865486313,0.4437793069217557,0.7116532721010332,0.48872143314132155,0.38158229807376765,0.4285165865486313,Add adjacent domain
103,scCube,sim6,sim6_151670_151676,DeepST,151676,151670,0.41236035985000735,0.6022336703147987,0.5969632975436723,0.808438576349024,0.6509744879522115,0.5604539767668018,0.6022336703147987,Add adjacent domain
104,scCube,sim6,sim6_151670_151676,GraphST,151676,151670,0.3981525865800485,0.6078642194453954,0.5807379862720179,0.8283582089552238,0.6832076567429437,0.5474878254713824,0.6078642194453954,Add adjacent domain
105,scCube,sim6,sim6_151670_151676,PRECAST,151676,151670,0.20865308016277062,0.36555373226283133,0.43605658456745566,0.6871412169919633,0.4104828980646452,0.32948963658019115,0.36555373226283133,Add adjacent domain
106,scCube,sim6,sim6_151670_151676,SEDR,151676,151670,0.5097220391427958,0.6257855002835357,0.666713250429502,0.8299655568312284,0.6889666208502555,0.5732219768164244,0.6257855002835357,Add adjacent domain
107,scCube,sim6,sim6_151670_151676,STAGATE,151676,151670,0.4705470560476798,0.6338414556865505,0.6375256240427849,0.8376004592422502,0.6954249519421716,0.5822777627558443,0.6338414556865504,Add adjacent domain
108,scCube,sim6,sim6_151670_151676,SpaGCN,151676,151670,0.23032768621288396,0.4018953355636278,0.45262583582558735,0.7121125143513203,0.44868938609113035,0.3639398576419571,0.4018953355636278,Add adjacent domain
109,scCube,sim6,sim6_151670_151676,SpaceFlow,151676,151670,0.27898767483064635,0.4894963309148876,0.4848282611405855,0.7433983926521239,0.5564808628460653,0.43724499652011894,0.4894963309148876,Add adjacent domain
110,scCube,sim6,sim6_151670_151676,SpatialMGCN,151676,151670,0.2912858688175526,0.3996495072800717,0.5008623354713525,0.7000574052812859,0.4461569547457852,0.3619226522828496,0.3996495072800716,Add adjacent domain
111,scCube,sim6,sim6_151670_151676,stLearn,151676,151670,0.19961234328801933,0.29331607157402706,0.45254240931368833,0.676406429391504,0.3047136790156673,0.28276373170350855,0.2933160715740271,Add adjacent domain
112,scCube,sim6,sim6_151671_151673,BASS,151673,151671,0.46745925283366574,0.6404725631159119,0.5872841388624932,0.832885414121671,0.6814592157530297,0.6041365168920863,0.640472563115912,Add adjacent domain
113,scCube,sim6,sim6_151671_151673,Banksy,151673,151671,0.42787196027161567,0.6285973015987645,0.580368245368435,0.7312973369166871,0.61153906107533,0.6466347579368055,0.6285973015987644,Add adjacent domain
114,scCube,sim6,sim6_151671_151673,BayesSpace,151673,151671,0.49142273332263464,0.6407693795340099,0.6082271933146757,0.8304422184216957,0.6693802579778241,0.6145040390852005,0.64076937953401,Add adjacent domain
115,scCube,sim6,sim6_151671_151673,CCST,151673,151671,0.47828135189464566,0.647729868066799,0.6069382822387865,0.7555827021744441,0.649698281474487,0.6463551572252882,0.6477298680667991,Add adjacent domain
116,scCube,sim6,sim6_151671_151673,CellCharter,151673,151671,0.3464326042816856,0.5216391439703244,0.49165875070132686,0.7133642804788664,0.5508274500701572,0.49541471622727784,0.5216391439703244,Add adjacent domain
117,scCube,sim6,sim6_151671_151673,DeepST,151673,151671,0.6016997390115824,0.727653145560544,0.6953431902144892,0.8824334229171757,0.755596044359043,0.7017753916434866,0.727653145560544,Add adjacent domain
118,scCube,sim6,sim6_151671_151673,GraphST,151673,151671,0.5706534764215788,0.6984925289018326,0.6711147356159566,0.8653799169313462,0.7234066121594149,0.6752373909289849,0.6984925289018326,Add adjacent domain
119,scCube,sim6,sim6_151671_151673,PRECAST,151673,151671,0.3579225085890049,0.4770664039469751,0.5039931047681422,0.7371121426826289,0.4971344459219572,0.45855568746107644,0.4770664039469751,Add adjacent domain
120,scCube,sim6,sim6_151671_151673,SEDR,151673,151671,0.6171172457277039,0.7226187685234654,0.707882461636353,0.8821402394331785,0.7447470721395544,0.7017674961333465,0.7226187685234654,Add adjacent domain
121,scCube,sim6,sim6_151671_151673,STAGATE,151673,151671,0.563390563671024,0.6987572928308439,0.665192058574892,0.8655753725873442,0.7259930454343688,0.6734930024147289,0.6987572928308439,Add adjacent domain
122,scCube,sim6,sim6_151671_151673,SpaGCN,151673,151671,0.49236821162310934,0.5980901791238322,0.6088520664104311,0.8177376007818227,0.6250819108082073,0.5733330219778064,0.5980901791238322,Add adjacent domain
123,scCube,sim6,sim6_151671_151673,SpaceFlow,151673,151671,0.582252884627324,0.6883511643292249,0.6800307946359172,0.817493281211825,0.7175124393908161,0.6614806101739126,0.6883511643292249,Add adjacent domain
124,scCube,sim6,sim6_151671_151673,SpatialMGCN,151673,151671,0.42146882898376037,0.5628506216618117,0.5549342742264814,0.7642316149523577,0.5831737818401431,0.543896253306195,0.5628506216618117,Add adjacent domain
125,scCube,sim6,sim6_151671_151673,stLearn,151673,151671,0.22737168756625356,0.36491101774386375,0.4405556566654951,0.5840703640361593,0.3393900084214088,0.397619285247363,0.36491101774386375,Add adjacent domain
126,scCube,sim6,sim6_151671_151674,BASS,151674,151671,0.5444110835809463,0.6731635874051478,0.649398638929571,0.8485218666015146,0.7107192821989213,0.6393777105387667,0.6731635874051479,Add adjacent domain
127,scCube,sim6,sim6_151671_151674,Banksy,151674,151671,0.4431529499286916,0.6380221450121417,0.5897483581097679,0.7373075983386269,0.6231944211767443,0.6535730091087346,0.6380221450121417,Add adjacent domain
128,scCube,sim6,sim6_151671_151674,BayesSpace,151674,151671,0.486239534334756,0.6464627253171591,0.6046238962010119,0.8314194967016858,0.6729304723546621,0.6219982479872915,0.6464627253171591,Add adjacent domain
129,scCube,sim6,sim6_151671_151674,CCST,151674,151671,0.620558459781676,0.6883137473570105,0.7203035933742707,0.7824578548741754,0.6717196183259595,0.7068607584320026,0.6883137473570105,Add adjacent domain
130,scCube,sim6,sim6_151671_151674,CellCharter,151674,151671,0.378524499539421,0.5362213097702769,0.5183550118218202,0.7272904959687271,0.5621532453664397,0.5126034999665159,0.5362213097702769,Add adjacent domain
131,scCube,sim6,sim6_151671_151674,DeepST,151674,151671,0.631591375610993,0.7451933860190184,0.7186200629446444,0.8813584168091865,0.7699022061867962,0.7221507331697959,0.7451933860190183,Add adjacent domain
132,scCube,sim6,sim6_151671_151674,GraphST,151674,151671,0.5557973938453025,0.6933046978579761,0.6595417104106382,0.855607134131444,0.7177939760800492,0.6704313115325939,0.6933046978579761,Add adjacent domain
133,scCube,sim6,sim6_151671_151674,PRECAST,151674,151671,0.32953661695814707,0.44804084075450845,0.48112481883368174,0.7197654532128024,0.4678669079016896,0.4298267424427822,0.44804084075450845,Add adjacent domain
134,scCube,sim6,sim6_151671_151674,SEDR,151674,151671,0.498136272905574,0.6691529460052075,0.6145985709131772,0.8363547520156365,0.6955270818209326,0.6447339614569915,0.6691529460052075,Add adjacent domain
135,scCube,sim6,sim6_151671_151674,STAGATE,151674,151671,0.5598767679450803,0.6935163665321991,0.6625272978100978,0.8641094551673589,0.7197600557055779,0.6691191327584266,0.6935163665321991,Add adjacent domain
136,scCube,sim6,sim6_151671_151674,SpaGCN,151674,151671,0.5323336277749193,0.647059215734009,0.6400893187852404,0.8546298558514536,0.6777305524343794,0.6190438033314594,0.6470592157340092,Add adjacent domain
137,scCube,sim6,sim6_151671_151674,SpaceFlow,151674,151671,0.5055415618427798,0.6623130193873834,0.6189435572506155,0.8365502076716345,0.6959473093985427,0.6317861611697928,0.6623130193873833,Add adjacent domain
138,scCube,sim6,sim6_151671_151674,SpatialMGCN,151674,151671,0.3036460250418505,0.5125362395411015,0.46643605725255083,0.7002198876129978,0.5272568773618999,0.4986152554763379,0.5125362395411015,Add adjacent domain
139,scCube,sim6,sim6_151671_151674,stLearn,151674,151671,0.2349568203092022,0.37523948503789006,0.44596143980195535,0.5861226484241387,0.3462424612064322,0.41300986667567896,0.3752394850378901,Add adjacent domain
140,scCube,sim6,sim6_151671_151675,BASS,151675,151671,0.47651794722385227,0.6545788740687617,0.5946855526936833,0.8372831663816271,0.6953428998766139,0.6183296972375527,0.6545788740687617,Add adjacent domain
141,scCube,sim6,sim6_151671_151675,Banksy,151675,151671,0.4964133686892261,0.6642767553458604,0.6176720371128116,0.8160273637918397,0.6782210166811254,0.6515746336608591,0.6642767553458605,Add adjacent domain
142,scCube,sim6,sim6_151671_151675,BayesSpace,151675,151671,0.4750629501298712,0.6451450610060522,0.5973738393823095,0.797703396042023,0.6634408028840599,0.6278313236089207,0.6451450610060522,Add adjacent domain
143,scCube,sim6,sim6_151671_151675,CCST,151675,151671,0.59194878149987,0.6841473519110235,0.6904823812956642,0.7997556804300024,0.6951586710112424,0.6737096258623823,0.6841473519110235,Add adjacent domain
144,scCube,sim6,sim6_151671_151675,CellCharter,151675,151671,0.36519595094923973,0.5446442127307964,0.5064240640598174,0.7360371365746396,0.5742729075273123,0.5179892171338359,0.5446442127307964,Add adjacent domain
145,scCube,sim6,sim6_151671_151675,DeepST,151675,151671,0.5853431153933887,0.725114996531364,0.6852721256958674,0.8554605423894455,0.7417046237375489,0.7099637072411926,0.7251149965313639,Add adjacent domain
146,scCube,sim6,sim6_151671_151675,GraphST,151675,151671,0.5775069210234073,0.7037013513625071,0.6766574966071808,0.8661128756413389,0.727134375432532,0.6817315046631762,0.7037013513625071,Add adjacent domain
147,scCube,sim6,sim6_151671_151675,PRECAST,151675,151671,0.38363646806328194,0.5116095397135312,0.5262294539717112,0.7600781822623992,0.5299153814208273,0.4945262112051969,0.5116095397135312,Add adjacent domain
148,scCube,sim6,sim6_151671_151675,SEDR,151675,151671,0.40282929802873524,0.5673647735849403,0.5399726088947568,0.737503053994625,0.588929160509091,0.5473238350474695,0.5673647735849402,Add adjacent domain
149,scCube,sim6,sim6_151671_151675,STAGATE,151675,151671,0.5533961401076046,0.6928127677336652,0.6574193069112677,0.860493525531395,0.7192729280858994,0.668230333542382,0.6928127677336652,Add adjacent domain
150,scCube,sim6,sim6_151671_151675,SpaGCN,151675,151671,0.5599923535980004,0.6719405392687585,0.6620898579531771,0.8668458343513314,0.7025686183382648,0.643871334866322,0.6719405392687586,Add adjacent domain
151,scCube,sim6,sim6_151671_151675,SpaceFlow,151675,151671,0.4022009947136701,0.6110429625839615,0.5353745742670293,0.739799657952602,0.6482366304176291,0.5779079731610465,0.6110429625839614,Add adjacent domain
152,scCube,sim6,sim6_151671_151675,SpatialMGCN,151675,151671,0.5266561523523688,0.5310981060211137,0.6477610512902452,0.7327143904226728,0.5259702200991248,0.5363269638200163,0.5310981060211138,Add adjacent domain
153,scCube,sim6,sim6_151671_151675,stLearn,151675,151671,0.25749194936523284,0.3937768478336055,0.4382542673047851,0.6370877107256291,0.3957412104024852,0.39256076264659123,0.39377684783360545,Add adjacent domain
154,scCube,sim6,sim6_151671_151676,BASS,151676,151671,0.46293371928638355,0.6347220335269559,0.583534203227108,0.8270217444417298,0.6761895719943428,0.5980466352654615,0.6347220335269558,Add adjacent domain
155,scCube,sim6,sim6_151671_151676,Banksy,151676,151671,0.48416991971878104,0.6565704670168329,0.6115439632239328,0.7965306621060347,0.6628512727859288,0.6514184640984777,0.6565704670168329,Add adjacent domain
156,scCube,sim6,sim6_151671_151676,BayesSpace,151676,151671,0.48152282532687946,0.6412064923290198,0.5999731021993654,0.8172489616418275,0.6727762362210917,0.6124667460731973,0.6412064923290198,Add adjacent domain
157,scCube,sim6,sim6_151671_151676,CCST,151676,151671,0.5489525171129251,0.668838321959645,0.6580537931698798,0.7911556315660884,0.6776161591578956,0.6603188557847467,0.668838321959645,Add adjacent domain
158,scCube,sim6,sim6_151671_151676,CellCharter,151676,151671,0.34713755648967093,0.5333810942792416,0.4942311642856791,0.7235768385047642,0.5595086272238436,0.5097109230401349,0.5333810942792415,Add adjacent domain
159,scCube,sim6,sim6_151671_151676,DeepST,151676,151671,0.6052039391049382,0.7353614633691015,0.6984602129363454,0.8848277547031517,0.760431098499425,0.7119889877825967,0.7353614633691015,Add adjacent domain
160,scCube,sim6,sim6_151671_151676,GraphST,151676,151671,0.5641738549864878,0.6623295492704153,0.6660243323760526,0.8216467139017836,0.683831997319675,0.642138125445612,0.6623295492704152,Add adjacent domain
161,scCube,sim6,sim6_151671_151676,PRECAST,151676,151671,0.41236773565848217,0.5339361756502955,0.5475604495203332,0.7774248717322257,0.5547289462975468,0.5146458307098769,0.5339361756502955,Add adjacent domain
162,scCube,sim6,sim6_151671_151676,SEDR,151676,151671,0.5974218894306832,0.7259455584098891,0.692546890058193,0.878182262399218,0.7490339031274587,0.7042380511313345,0.7259455584098892,Add adjacent domain
163,scCube,sim6,sim6_151671_151676,STAGATE,151676,151671,0.5637209914475616,0.6973474211554748,0.6654466476786414,0.8664549230393355,0.7245505260703128,0.6721130755447465,0.6973474211554747,Add adjacent domain
164,scCube,sim6,sim6_151671_151676,SpaGCN,151676,151671,0.4626429212938067,0.5792610125774436,0.5851979229658775,0.8023454678719766,0.6060758257838014,0.554718421973206,0.5792610125774436,Add adjacent domain
165,scCube,sim6,sim6_151671_151676,SpaceFlow,151676,151671,0.48560333669094347,0.6606212921115839,0.6040098351869229,0.7907647202540924,0.6917967038926968,0.63226986011828,0.6606212921115839,Add adjacent domain
166,scCube,sim6,sim6_151671_151676,SpatialMGCN,151676,151671,0.3416243283381499,0.42389495404405253,0.5068072264329994,0.6423161495235769,0.4258773627276445,0.4219309156044114,0.42389495404405253,Add adjacent domain
167,scCube,sim6,sim6_151671_151676,stLearn,151676,151671,0.2580679926875248,0.39193592424473106,0.43904684499162305,0.6368433911556315,0.3937469009949265,0.3909742341840626,0.39193592424473106,Add adjacent domain
168,scCube,sim6,sim6_151672_151673,BASS,151673,151672,0.5387514737829969,0.6623763298676179,0.6372240588207149,0.7926954732510288,0.6752256015238975,0.6500069588399828,0.6623763298676179,Add adjacent domain
169,scCube,sim6,sim6_151672_151673,Banksy,151673,151672,0.42580101768067635,0.6277129470879876,0.5696836580456717,0.687037037037037,0.6065562443492623,0.6503998417304306,0.6277129470879876,Add adjacent domain
170,scCube,sim6,sim6_151672_151673,BayesSpace,151673,151672,0.6484387578024685,0.6866001837728605,0.7342158983402345,0.8060699588477366,0.6616939840612399,0.7134546582451496,0.6866001837728606,Add adjacent domain
171,scCube,sim6,sim6_151672_151673,CCST,151673,151672,0.5631295269282408,0.6818219135240143,0.6629227027916764,0.7693930041152263,0.6765913614686305,0.6871709172757268,0.6818219135240143,Add adjacent domain
172,scCube,sim6,sim6_151672_151673,CellCharter,151673,151672,0.3860539439798127,0.5532130726296829,0.5154249239841554,0.687037037037037,0.5666233327461592,0.5408640685488264,0.5532130726296829,Add adjacent domain
173,scCube,sim6,sim6_151672_151673,DeepST,151673,151672,0.5953528944242246,0.7181842060962362,0.6822837812619298,0.8468106995884774,0.7309020798876438,0.7059308666951873,0.7181842060962362,Add adjacent domain
174,scCube,sim6,sim6_151672_151673,GraphST,151673,151672,0.575355995581256,0.6934641693923295,0.6686610457405373,0.8348765432098766,0.6966943797159826,0.6902637744484574,0.6934641693923295,Add adjacent domain
175,scCube,sim6,sim6_151672_151673,PRECAST,151673,151672,0.35825981046326705,0.4322345557231423,0.5012872975143617,0.6226851851851852,0.4324953700727622,0.43197405574973435,0.4322345557231423,Add adjacent domain
176,scCube,sim6,sim6_151672_151673,SEDR,151673,151672,0.6317381004657203,0.7333756191524289,0.7130542395570745,0.8543209876543209,0.7375659018936932,0.7292326849616267,0.7333756191524288,Add adjacent domain
177,scCube,sim6,sim6_151672_151673,STAGATE,151673,151672,0.5662725007142131,0.6959954699387882,0.661998818055343,0.8297839506172838,0.6984194122573953,0.6935882961429649,0.6959954699387882,Add adjacent domain
178,scCube,sim6,sim6_151672_151673,SpaGCN,151673,151672,0.4709622427765786,0.5869653817679548,0.5835180084437132,0.7921810699588477,0.5999341321526532,0.5745454572782963,0.5869653817679547,Add adjacent domain
179,scCube,sim6,sim6_151672_151673,SpaceFlow,151673,151672,0.5508878365678423,0.6706896269293396,0.6483741035028237,0.7975308641975308,0.686029250504981,0.6562289775095778,0.6706896269293396,Add adjacent domain
180,scCube,sim6,sim6_151672_151673,SpatialMGCN,151673,151672,0.442498186085093,0.5901441802414802,0.5669083405926698,0.6890432098765432,0.5913167144254298,0.5889762869397602,0.5901441802414802,Add adjacent domain
181,scCube,sim6,sim6_151672_151673,stLearn,151673,151672,0.18645452621811576,0.3378645688761427,0.40922287865104146,0.5265432098765432,0.30204575815971163,0.38614028979009946,0.3378645688761427,Add adjacent domain
182,scCube,sim6,sim6_151672_151674,BASS,151674,151672,0.7263164507479551,0.7476863217590062,0.7915925279230317,0.8533950617283951,0.7354109044640469,0.7603784960032206,0.7476863217590062,Add adjacent domain
183,scCube,sim6,sim6_151672_151674,Banksy,151674,151672,0.4274203391223961,0.6318409428505779,0.5691322753581273,0.6895576131687242,0.6131334464520034,0.6517273300202227,0.6318409428505778,Add adjacent domain
184,scCube,sim6,sim6_151672_151674,BayesSpace,151674,151672,0.7080579934329259,0.7287829303996302,0.7834669331101763,0.8359053497942387,0.6926187078802648,0.7689317429236207,0.7287829303996303,Add adjacent domain
185,scCube,sim6,sim6_151672_151674,CCST,151674,151672,0.5332727288525186,0.6669147516227796,0.6469858005822167,0.7265946502057613,0.645802634546541,0.690755670749959,0.6669147516227796,Add adjacent domain
186,scCube,sim6,sim6_151672_151674,CellCharter,151674,151672,0.4657210948756815,0.6181985474185125,0.5856230623211017,0.7349279835390947,0.6186463701953333,0.618014546483944,0.6181985474185125,Add adjacent domain
187,scCube,sim6,sim6_151672_151674,DeepST,151674,151672,0.627652719508756,0.7387137095733449,0.7090350294001087,0.8623971193415638,0.7476366658744829,0.7303035961406449,0.7387137095733449,Add adjacent domain
188,scCube,sim6,sim6_151672_151674,GraphST,151674,151672,0.5875922887340876,0.6991736264020133,0.6773893527594649,0.8449074074074074,0.7054979943745434,0.69296163936149,0.6991736264020133,Add adjacent domain
189,scCube,sim6,sim6_151672_151674,PRECAST,151674,151672,0.2892882041823354,0.4005710234218777,0.4460001333042781,0.5758744855967078,0.40222347916163337,0.398932089705773,0.4005710234218777,Add adjacent domain
190,scCube,sim6,sim6_151672_151674,SEDR,151674,151672,0.6050595151289431,0.6878559652664895,0.6944660647841564,0.8143518518518519,0.6834719053197376,0.6926667710894512,0.6878559652664895,Add adjacent domain
191,scCube,sim6,sim6_151672_151674,STAGATE,151674,151672,0.5962488799224188,0.7229389664883282,0.6836509474312243,0.8521090534979423,0.7337762287417517,0.7124171702352908,0.7229389664883282,Add adjacent domain
192,scCube,sim6,sim6_151672_151674,SpaGCN,151674,151672,0.5217399272700499,0.6259368844357631,0.6220762254095435,0.8251028806584362,0.6440972659769895,0.6087724882454311,0.6259368844357631,Add adjacent domain
193,scCube,sim6,sim6_151672_151674,SpaceFlow,151674,151672,0.4820026546594544,0.613471663533754,0.5899397510769394,0.7438786008230454,0.6344978672618827,0.5938200761258643,0.613471663533754,Add adjacent domain
194,scCube,sim6,sim6_151672_151674,SpatialMGCN,151674,151672,0.4840633604626885,0.6351049886877553,0.600398459203329,0.7402263374485597,0.63280754213227,0.6374191780700799,0.6351049886877553,Add adjacent domain
195,scCube,sim6,sim6_151672_151674,stLearn,151674,151672,0.2165445876128979,0.36739815504438383,0.4480977153399692,0.5320473251028807,0.31307038686205446,0.4445846448399088,0.36739815504438383,Add adjacent domain
196,scCube,sim6,sim6_151672_151675,BASS,151675,151672,0.5133467976561787,0.6512737780701275,0.6171012546724673,0.7844650205761317,0.6647420362604912,0.6383404394472385,0.6512737780701275,Add adjacent domain
197,scCube,sim6,sim6_151672_151675,Banksy,151675,151672,0.45974199450936715,0.6573134148535933,0.5917733791669512,0.6991255144032922,0.6392547702416179,0.6764307889369547,0.6573134148535933,Add adjacent domain
198,scCube,sim6,sim6_151672_151675,BayesSpace,151675,151672,0.4755184798756497,0.5938794342085989,0.5937643501466102,0.7471707818930041,0.5848782470109294,0.6031620056690614,0.5938794342085989,Add adjacent domain
199,scCube,sim6,sim6_151672_151675,CCST,151675,151672,0.666387390422543,0.7072445429818485,0.7428788924784641,0.8265432098765432,0.7010727197137119,0.7135364005581388,0.7072445429818485,Add adjacent domain
200,scCube,sim6,sim6_151672_151675,CellCharter,151675,151672,0.371778601180483,0.5455828174008396,0.5030981809173591,0.6762860082304527,0.5610275950055588,0.5310010386226004,0.5455828174008396,Add adjacent domain
201,scCube,sim6,sim6_151672_151675,DeepST,151675,151672,0.6007341245097025,0.7162438818913242,0.6861359720031451,0.8389917695473251,0.7295974952035732,0.7036431255027746,0.7162438818913243,Add adjacent domain
202,scCube,sim6,sim6_151672_151675,GraphST,151675,151672,0.6266613473990769,0.7281189238803243,0.7077168125844668,0.8652263374485598,0.7378524723719723,0.7186388364315403,0.7281189238803243,Add adjacent domain
203,scCube,sim6,sim6_151672_151675,PRECAST,151675,151672,0.2883719955465374,0.44113629724479886,0.44503194749823705,0.6337448559670782,0.443434586570436,0.4388617088131722,0.44113629724479886,Add adjacent domain
204,scCube,sim6,sim6_151672_151675,SEDR,151675,151672,0.6248765778778733,0.7281591664378559,0.7069817807687981,0.8515432098765432,0.7356057133831857,0.7212852240010529,0.7281591664378559,Add adjacent domain
205,scCube,sim6,sim6_151672_151675,STAGATE,151675,151672,0.5921347901278012,0.7174302819905838,0.6806998604972948,0.8462962962962963,0.7271363230316684,0.7079799495318085,0.7174302819905839,Add adjacent domain
206,scCube,sim6,sim6_151672_151675,SpaGCN,151675,151672,0.5432021451566494,0.6430004545075657,0.6396353391089874,0.8317901234567902,0.659406610086146,0.6273908566578228,0.6430004545075657,Add adjacent domain
207,scCube,sim6,sim6_151672_151675,SpaceFlow,151675,151672,0.5584542377633479,0.7054738045287983,0.6516794279466017,0.8158950617283951,0.7253303723414599,0.6867130668162799,0.7054738045287982,Add adjacent domain
208,scCube,sim6,sim6_151672_151675,SpatialMGCN,151675,151672,0.3477866560418651,0.5049352001399547,0.49790574145671423,0.6491769547325102,0.496782091231773,0.5133603894497228,0.5049352001399547,Add adjacent domain
209,scCube,sim6,sim6_151672_151675,stLearn,151675,151672,0.17160512422083993,0.33057475435638173,0.38088008273118995,0.5292695473251029,0.30838860863184614,0.35797353168430845,0.33057475435638173,Add adjacent domain
210,scCube,sim6,sim6_151672_151676,BASS,151676,151672,0.5222193423377004,0.6542678101920383,0.6243970452719455,0.7821502057613169,0.6663899307198118,0.6425788309940899,0.6542678101920383,Add adjacent domain
211,scCube,sim6,sim6_151672_151676,Banksy,151676,151672,0.46566166398256137,0.6552262721914905,0.5987819498909743,0.6973251028806585,0.6333745834145791,0.6786420823339228,0.6552262721914904,Add adjacent domain
212,scCube,sim6,sim6_151672_151676,BayesSpace,151676,151672,0.5251297756322494,0.6506805107292288,0.6262730341194882,0.8099279835390947,0.6641198644317907,0.6377742948635039,0.6506805107292287,Add adjacent domain
213,scCube,sim6,sim6_151672_151676,CCST,151676,151672,0.6094442586523229,0.6982800997075304,0.7008088686216569,0.7925411522633745,0.6891764612874012,0.7076479115403382,0.6982800997075304,Add adjacent domain
214,scCube,sim6,sim6_151672_151676,CellCharter,151676,151672,0.3821201409654175,0.5588654666976346,0.5133425469637036,0.6815329218106996,0.5701061265324433,0.548121234800439,0.5588654666976345,Add adjacent domain
215,scCube,sim6,sim6_151672_151676,DeepST,151676,151672,0.5965267936086182,0.7282428609747454,0.6833818493544803,0.849485596707819,0.7410214669220782,0.7159866018710948,0.7282428609747454,Add adjacent domain
216,scCube,sim6,sim6_151672_151676,GraphST,151676,151672,0.5743604885822582,0.6928369538172054,0.6678810963686376,0.8348765432098766,0.6962915801851725,0.6894164382260617,0.6928369538172056,Add adjacent domain
217,scCube,sim6,sim6_151672_151676,PRECAST,151676,151672,0.28034464183946783,0.4316022517528889,0.43976565315107496,0.6396604938271605,0.43364799844877977,0.429575716163838,0.43160225175288885,Add adjacent domain
218,scCube,sim6,sim6_151672_151676,SEDR,151676,151672,0.5938204435585145,0.7255131734958556,0.6808431933312532,0.8510288065843621,0.7402889680950037,0.7113156735130184,0.7255131734958558,Add adjacent domain
219,scCube,sim6,sim6_151672_151676,STAGATE,151676,151672,0.5702466401535755,0.7086100721024547,0.6637081783967342,0.8393004115226338,0.7161265263098886,0.7012497660049063,0.7086100721024547,Add adjacent domain
220,scCube,sim6,sim6_151672_151676,SpaGCN,151676,151672,0.3497715974256613,0.4987910970011315,0.4836102073725206,0.6818415637860082,0.5169068949332356,0.4819020961342482,0.4987910970011316,Add adjacent domain
221,scCube,sim6,sim6_151672_151676,SpaceFlow,151676,151672,0.3720887067128945,0.5499517679841578,0.5126222310341823,0.7016460905349794,0.5509238303068582,0.5490057346335275,0.5499517679841578,Add adjacent domain
222,scCube,sim6,sim6_151672_151676,SpatialMGCN,151676,151672,0.303134142721248,0.4239029704774797,0.4635471656022009,0.5892489711934157,0.41629378538038664,0.43179550218367774,0.4239029704774797,Add adjacent domain
223,scCube,sim6,sim6_151672_151676,stLearn,151676,151672,0.1670298996585337,0.32271824464067855,0.3673662036486037,0.5289094650205761,0.3094472744154429,0.33740739899119815,0.32271824464067855,Add adjacent domain
224,scCube,sim2,DLPFC_151669train_151669spatial,BASS,151669,151669,0.2596998875296183,0.4568704793075217,0.4916997263445307,0.7205720572057206,0.5114840512237019,0.4127944617477806,0.4568704793075217,Raw domains
225,scCube,sim2,DLPFC_151669train_151669spatial,Banksy,151669,151669,0.4149294503696249,0.5775995584056598,0.606166482019364,0.8165566556655666,0.6445480966279128,0.5232501149663086,0.5775995584056597,Raw domains
226,scCube,sim2,DLPFC_151669train_151669spatial,BayesSpace,151669,151669,0.4743925562312602,0.6007496416070689,0.651805670132802,0.8154565456545655,0.6546925674796082,0.5550192291606506,0.6007496416070688,Raw domains
227,scCube,sim2,DLPFC_151669train_151669spatial,CCST,151669,151669,0.3303168392090497,0.5290684386263351,0.5532654974311466,0.7632563256325632,0.5641088378826424,0.4983802410191462,0.5290684386263351,Raw domains
228,scCube,sim2,DLPFC_151669train_151669spatial,CellCharter,151669,151669,0.2354756153704175,0.4164356162974883,0.4711016615286462,0.7248074807480748,0.4690464638775473,0.3744608404319959,0.4164356162974883,Raw domains
229,scCube,sim2,DLPFC_151669train_151669spatial,DeepST,151669,151669,0.4818508155482794,0.6035671184583995,0.6643678287407206,0.7826732673267326,0.6255693403456944,0.5858975152499714,0.6035671184583995,Raw domains
230,scCube,sim2,DLPFC_151669train_151669spatial,GraphST,151669,151669,0.4097539906546378,0.602670940896353,0.6000024087641908,0.8195819581958196,0.684941563879116,0.5380446033456473,0.602670940896353,Raw domains
231,scCube,sim2,DLPFC_151669train_151669spatial,PRECAST,151669,151669,0.1976763276865196,0.2804090992709191,0.4568867883960935,0.643014301430143,0.3052684054911223,0.259293708413327,0.2804090992709191,Raw domains
232,scCube,sim2,DLPFC_151669train_151669spatial,SEDR,151669,151669,0.3471225824944887,0.5253601529431161,0.565591385843276,0.7685918591859185,0.5648392258758146,0.4914749005297624,0.5253601529431162,Raw domains
233,scCube,sim2,DLPFC_151669train_151669spatial,STAGATE,151669,151669,0.3527319238716987,0.3962583247417691,0.5711361499207841,0.7066006600660065,0.4212261295174664,0.3742891347175493,0.3962583247417691,Raw domains
234,scCube,sim2,DLPFC_151669train_151669spatial,SpaGCN,151669,151669,0.2992622920751454,0.4450342714167917,0.5154536484665373,0.7472497249724972,0.5076456840767504,0.3961717064878263,0.4450342714167917,Raw domains
235,scCube,sim2,DLPFC_151669train_151669spatial,SpaceFlow,151669,151669,0.3776739802749709,0.522462705093633,0.5819933907262099,0.7671617161716171,0.5736549891389731,0.4798008414729137,0.522462705093633,Raw domains
236,scCube,sim2,DLPFC_151669train_151669spatial,SpatialMGCN,151669,151669,0.3405481562172434,0.3730285151778933,0.555621758683088,0.6991199119911992,0.4097073628639382,0.3423773530958392,0.3730285151778933,Raw domains
237,scCube,sim2,DLPFC_151669train_151669spatial,stLearn,151669,151669,0.1342921607152566,0.2048338779603394,0.3977338800852901,0.6522002200220023,0.2292018390418636,0.1851497843987637,0.2048338779603393,Raw domains
238,scCube,sim2,DLPFC_151669train_151670spatial,BASS,151669,151670,0.3947294325047962,0.5744106334954039,0.6130547278614134,0.8381171067738233,0.6393309143164465,0.5214594991692002,0.5744106334954039,Raw domains
239,scCube,sim2,DLPFC_151669train_151670spatial,Banksy,151669,151670,0.4929311352728668,0.6437236549488808,0.6797009858711892,0.8662456946039037,0.7228190320787259,0.5802311367063994,0.6437236549488808,Raw domains
240,scCube,sim2,DLPFC_151669train_151670spatial,BayesSpace,151669,151670,0.294867015862603,0.4859652990551629,0.5476496110224361,0.784443168771527,0.5364516591692559,0.4441642599590613,0.4859652990551629,Raw domains
241,scCube,sim2,DLPFC_151669train_151670spatial,CCST,151669,151670,0.4201663135812123,0.5851161846763311,0.6333023222135703,0.8359931113662457,0.6412463245509123,0.5380618188813262,0.5851161846763311,Raw domains
242,scCube,sim2,DLPFC_151669train_151670spatial,CellCharter,151669,151670,0.2919672197170408,0.4599388969173225,0.5279285368403629,0.7877152698048221,0.5403129800126463,0.4003993041375849,0.4599388969173225,Raw domains
243,scCube,sim2,DLPFC_151669train_151670spatial,DeepST,151669,151670,0.4614206032991699,0.6323732440316387,0.6527507061483512,0.8579219288174512,0.7268568839566358,0.5612373166101001,0.6323732440316387,Raw domains
244,scCube,sim2,DLPFC_151669train_151670spatial,GraphST,151669,151670,0.6015147356678898,0.6728312595168089,0.7552146938251157,0.8671067738231917,0.7402272549419333,0.6166836282200796,0.6728312595168088,Raw domains
245,scCube,sim2,DLPFC_151669train_151670spatial,PRECAST,151669,151670,0.2333482801587251,0.2873248783979872,0.4993342762938322,0.702353616532721,0.324404222801007,0.2578523958614254,0.2873248783979872,Raw domains
246,scCube,sim2,DLPFC_151669train_151670spatial,SEDR,151669,151670,0.4928363513896953,0.5689365960612507,0.6853741251395544,0.8160734787600459,0.5979419452642659,0.5437220737690828,0.5689365960612507,Raw domains
247,scCube,sim2,DLPFC_151669train_151670spatial,STAGATE,151669,151670,0.616484493506025,0.5481157948657028,0.76985183841374,0.8148105625717565,0.5793268806595708,0.5200999207092878,0.5481157948657028,Raw domains
248,scCube,sim2,DLPFC_151669train_151670spatial,SpaGCN,151669,151670,0.331879541083839,0.4936710494038425,0.5572444286785763,0.8197474167623421,0.5818005769212236,0.4287284590579007,0.4936710494038426,Raw domains
249,scCube,sim2,DLPFC_151669train_151670spatial,SpaceFlow,151669,151670,0.4036291797603183,0.5133884225101454,0.6167727659499354,0.804190585533869,0.5833234381903766,0.4586441040697252,0.5133884225101454,Raw domains
250,scCube,sim2,DLPFC_151669train_151670spatial,SpatialMGCN,151669,151670,0.3489555203122351,0.3634658887530113,0.5824094825921895,0.7531572904707233,0.4078671701401827,0.3277827648325608,0.3634658887530112,Raw domains
251,scCube,sim2,DLPFC_151669train_151670spatial,stLearn,151669,151670,0.1486902150428028,0.2253989942608056,0.4235709298532735,0.7050516647531573,0.2627522850365622,0.1973456894616053,0.2253989942608057,Raw domains
252,scCube,sim2,DLPFC_151669train_151671spatial,BASS,151669,151671,0.6253669277053883,0.7172244172862369,0.729368424514432,0.8946982653310529,0.7571743240410562,0.6812788927545631,0.717224417286237,Raw domains
253,scCube,sim2,DLPFC_151669train_151671spatial,Banksy,151669,151671,0.6815328640330744,0.7473646982723655,0.7714199474068398,0.8922550696310776,0.7789673715493641,0.7182262881756493,0.7473646982723654,Raw domains
254,scCube,sim2,DLPFC_151669train_151671spatial,BayesSpace,151669,151671,0.6263660431585135,0.6876811023992656,0.7336717063479201,0.8084534571219155,0.6894787443645359,0.6858928098539933,0.6876811023992655,Raw domains
255,scCube,sim2,DLPFC_151669train_151671spatial,CCST,151669,151671,0.5023314181526749,0.6436551595240744,0.6505654322506234,0.7594429513804055,0.6383731118676361,0.6495339666363199,0.6436551595240743,Raw domains
256,scCube,sim2,DLPFC_151669train_151671spatial,CellCharter,151669,151671,0.49137349646875,0.6217767857992026,0.6273380388572075,0.8114830197898852,0.6647161015865275,0.5840560133565578,0.6217767857992026,Raw domains
257,scCube,sim2,DLPFC_151669train_151671spatial,DeepST,151669,151671,0.700686639554027,0.7572717584608555,0.7847400289144273,0.9006107989249938,0.7875336824767512,0.730068799267225,0.7572717584608555,Raw domains
258,scCube,sim2,DLPFC_151669train_151671spatial,GraphST,151669,151671,0.7898487624211958,0.7956184486740132,0.8506990797761633,0.9113119960908868,0.8174674947383499,0.7749069491507345,0.795618448674013,Raw domains
259,scCube,sim2,DLPFC_151669train_151671spatial,PRECAST,151669,151671,0.3895262030679653,0.4399132472472278,0.5579672306417021,0.662594673833374,0.4555541921451482,0.4253106796077611,0.4399132472472278,Raw domains
260,scCube,sim2,DLPFC_151669train_151671spatial,SEDR,151669,151671,0.7824572322037967,0.7545947279564624,0.8475476438143318,0.881211825067188,0.7426417389399711,0.7684045023712306,0.7545947279564624,Raw domains
261,scCube,sim2,DLPFC_151669train_151671spatial,STAGATE,151669,151671,0.780111153914482,0.7476446380458859,0.8442112227935705,0.9003176154409968,0.7609651971019267,0.7347826541759279,0.7476446380458859,Raw domains
262,scCube,sim2,DLPFC_151669train_151671spatial,SpaGCN,151669,151671,0.5831583754669452,0.6574128617634053,0.6976651936114855,0.8675787930613243,0.6949756325513375,0.623702344298534,0.6574128617634053,Raw domains
263,scCube,sim2,DLPFC_151669train_151671spatial,SpaceFlow,151669,151671,0.6234074614264402,0.688616401543532,0.7310181822153828,0.7752748595162473,0.695385133587181,0.6843711680435256,0.688616401543532,Raw domains
264,scCube,sim2,DLPFC_151669train_151671spatial,SpatialMGCN,151669,151671,0.3335735285203008,0.3856221311555838,0.507872667161799,0.653799169313462,0.411303024376401,0.3629596935348966,0.3856221311555838,Raw domains
265,scCube,sim2,DLPFC_151669train_151671spatial,stLearn,151669,151671,0.2262072343632627,0.310442214611564,0.4417068961524255,0.6154898607378451,0.3182432401496634,0.3030146393265383,0.310442214611564,Raw domains
266,scCube,sim2,DLPFC_151669train_151672spatial,BASS,151669,151672,0.8137088177675287,0.7926449504570637,0.8682090617032617,0.8809156378600823,0.7525380157826821,0.8372675954973456,0.7926449504570637,Raw domains
267,scCube,sim2,DLPFC_151669train_151672spatial,Banksy,151669,151672,0.7889353227981475,0.7989258423093306,0.846742833529035,0.9032921810699588,0.7835180765720484,0.8149517464615418,0.7989258423093306,Raw domains
268,scCube,sim2,DLPFC_151669train_151672spatial,BayesSpace,151669,151672,0.6543250497846717,0.7204259204544223,0.7462606962364197,0.8029835390946503,0.7078870379365549,0.7334170183799864,0.7204259204544223,Raw domains
269,scCube,sim2,DLPFC_151669train_151672spatial,CCST,151669,151672,0.7473072242263069,0.7534656408607344,0.820154869077732,0.8334362139917696,0.7270166631749536,0.78424837901903,0.7534656408607343,Raw domains
270,scCube,sim2,DLPFC_151669train_151672spatial,CellCharter,151669,151672,0.5865781326173389,0.6516349058673393,0.6896327219413078,0.7835905349794239,0.6744298426584383,0.6304784002754265,0.6516349058673394,Raw domains
271,scCube,sim2,DLPFC_151669train_151672spatial,DeepST,151669,151672,0.874099336470158,0.8338634124353568,0.9073977734258764,0.9239711934156378,0.8383491005096684,0.829514023124157,0.8338634124353568,Raw domains
272,scCube,sim2,DLPFC_151669train_151672spatial,GraphST,151669,151672,0.7949385740512485,0.776547304044674,0.8487600972840472,0.8621399176954732,0.7825521640591523,0.770633898021962,0.776547304044674,Raw domains
273,scCube,sim2,DLPFC_151669train_151672spatial,PRECAST,151669,151672,0.3517308970003365,0.3970962093386586,0.529701195122703,0.6435185185185185,0.3906017777704276,0.403810254730012,0.3970962093386586,Raw domains
274,scCube,sim2,DLPFC_151669train_151672spatial,SEDR,151669,151672,0.7915792701253522,0.7565620796759411,0.8491121093950793,0.8597222222222222,0.7412917211723179,0.772733608150072,0.7565620796759411,Raw domains
275,scCube,sim2,DLPFC_151669train_151672spatial,STAGATE,151669,151672,0.6621866374924278,0.7106364010295675,0.749652514716544,0.8506687242798353,0.717128806316639,0.704787051091045,0.7106364010295675,Raw domains
276,scCube,sim2,DLPFC_151669train_151672spatial,SpaGCN,151669,151672,0.6079565884429201,0.6088311320441832,0.7058346661570636,0.7998971193415638,0.6329365336279612,0.5864944771853091,0.608831132044183,Raw domains
277,scCube,sim2,DLPFC_151669train_151672spatial,SpaceFlow,151669,151672,0.8525784580157849,0.8280532242291094,0.8911201989412815,0.9189300411522634,0.8413820644434757,0.815179876242637,0.8280532242291094,Raw domains
278,scCube,sim2,DLPFC_151669train_151672spatial,SpatialMGCN,151669,151672,0.2857894933968737,0.3544136865076361,0.4599047645967787,0.6306584362139918,0.3668837088566613,0.3427634871606991,0.3544136865076361,Raw domains
279,scCube,sim2,DLPFC_151669train_151672spatial,stLearn,151669,151672,0.2208030437370059,0.2937091032061479,0.4195636953833884,0.5523662551440329,0.298068787517478,0.2894752754561139,0.2937091032061479,Raw domains
280,scCube,sim2,DLPFC_151670train_151669spatial,BASS,151670,151669,0.4680512646108398,0.5924084729769459,0.6511945001539723,0.7733773377337734,0.6302519279891989,0.5588522114514388,0.592408472976946,Raw domains
281,scCube,sim2,DLPFC_151670train_151669spatial,Banksy,151670,151669,0.633107464111428,0.669727536607698,0.7639985585110248,0.8248074807480748,0.7175852523500736,0.6278542274156518,0.669727536607698,Raw domains
282,scCube,sim2,DLPFC_151670train_151669spatial,BayesSpace,151670,151669,0.4582754181379339,0.6088640414192498,0.6441724523592587,0.7764026402640264,0.6470179594816438,0.5749593388054812,0.6088640414192498,Raw domains
283,scCube,sim2,DLPFC_151670train_151669spatial,CCST,151670,151669,0.3835708429328127,0.5650563154446313,0.5935092699336206,0.7694169416941694,0.5958396239513212,0.5373257026969432,0.5650563154446313,Raw domains
284,scCube,sim2,DLPFC_151670train_151669spatial,CellCharter,151670,151669,0.373481177885951,0.5231088467135226,0.5763328999575054,0.7649064906490649,0.5826789900046251,0.4746172429331566,0.5231088467135226,Raw domains
285,scCube,sim2,DLPFC_151670train_151669spatial,DeepST,151670,151669,0.5344567934217117,0.6771470392810953,0.6942787775267902,0.8559955995599561,0.7414150783816135,0.6235945251300412,0.6771470392810954,Raw domains
286,scCube,sim2,DLPFC_151670train_151669spatial,GraphST,151670,151669,0.7548533047655911,0.7301953908100544,0.8456518945712477,0.8718371837183717,0.7638661459185815,0.6993676884759339,0.7301953908100544,Raw domains
287,scCube,sim2,DLPFC_151670train_151669spatial,PRECAST,151670,151669,0.3622402179984804,0.3574296509986136,0.5715165962256918,0.6971947194719472,0.3938038146436225,0.3272068007524796,0.3574296509986136,Raw domains
288,scCube,sim2,DLPFC_151670train_151669spatial,SEDR,151670,151669,0.5507112039591052,0.6252553270540319,0.7079193599755004,0.7951595159515952,0.6618315407406989,0.5938070044106076,0.6252553270540319,Raw domains
289,scCube,sim2,DLPFC_151670train_151669spatial,STAGATE,151670,151669,0.6533804052312397,0.5948029240932887,0.7809491458300915,0.7932343234323432,0.6170795297877989,0.5741054029754651,0.5948029240932887,Raw domains
290,scCube,sim2,DLPFC_151670train_151669spatial,SpaGCN,151670,151669,0.3145032223337261,0.4099072738218013,0.5289525254687263,0.7555005500550055,0.4650900630090379,0.3664304201244842,0.4099072738218013,Raw domains
291,scCube,sim2,DLPFC_151670train_151669spatial,SpaceFlow,151670,151669,0.5317860289429495,0.6539888809158796,0.6941341846168816,0.8167766776677668,0.7006312626986875,0.613646299690829,0.6539888809158796,Raw domains
292,scCube,sim2,DLPFC_151670train_151669spatial,SpatialMGCN,151670,151669,0.3773760864147712,0.4005062139336049,0.5890123551193336,0.7117711771177118,0.4256171649535725,0.3781932239849818,0.4005062139336048,Raw domains
293,scCube,sim2,DLPFC_151670train_151669spatial,stLearn,151670,151669,0.1554183251436258,0.2423600967980029,0.4082351638829231,0.6372937293729374,0.2748759974756096,0.2167232605210246,0.2423600967980028,Raw domains
294,scCube,sim2,DLPFC_151670train_151670spatial,BASS,151670,151670,0.2284649267324638,0.4257124889436717,0.4820106233155131,0.7614810562571757,0.4983380914681944,0.3715625905577636,0.4257124889436717,Raw domains
295,scCube,sim2,DLPFC_151670train_151670spatial,Banksy,151670,151670,0.402568810229549,0.541431608421451,0.613279949718628,0.8412743972445466,0.625162307947123,0.4774805652590205,0.541431608421451,Raw domains
296,scCube,sim2,DLPFC_151670train_151670spatial,BayesSpace,151670,151670,0.4413619794422503,0.5460937651097353,0.6436011098532551,0.82548794489093,0.6165190554803717,0.490108426254077,0.5460937651097352,Raw domains
297,scCube,sim2,DLPFC_151670train_151670spatial,CCST,151670,151670,0.3436713592180137,0.4904480676594495,0.5814021340903028,0.7935706084959817,0.5342987789808458,0.453305125905175,0.4904480676594495,Raw domains
298,scCube,sim2,DLPFC_151670train_151670spatial,CellCharter,151670,151670,0.175583000323949,0.354315337706722,0.4427081982444636,0.7458094144661309,0.414992789941078,0.3091480023967182,0.354315337706722,Raw domains
299,scCube,sim2,DLPFC_151670train_151670spatial,DeepST,151670,151670,0.4094349307851641,0.5548120782803208,0.6162769146163207,0.8324913892078071,0.6362911128286498,0.4926376948228855,0.5548120782803208,Raw domains
300,scCube,sim2,DLPFC_151670train_151670spatial,GraphST,151670,151670,0.4588488900711229,0.5543122089478917,0.6557402539477475,0.8381171067738233,0.6274074102888383,0.4964715073628925,0.5543122089478917,Raw domains
301,scCube,sim2,DLPFC_151670train_151670spatial,PRECAST,151670,151670,0.3414645908755245,0.382126027700604,0.5717885009892542,0.7442594718714122,0.4366711413900457,0.339694395178078,0.382126027700604,Raw domains
302,scCube,sim2,DLPFC_151670train_151670spatial,SEDR,151670,151670,0.3212716355629186,0.4773266278613551,0.5573922796737232,0.8002870264064293,0.5436295089407321,0.425744731888653,0.4773266278613552,Raw domains
303,scCube,sim2,DLPFC_151670train_151670spatial,STAGATE,151670,151670,0.4080813986345755,0.5008769392784271,0.6187425980918901,0.8172789896670494,0.5737478728002683,0.4444309199648775,0.5008769392784271,Raw domains
304,scCube,sim2,DLPFC_151670train_151670spatial,SpaGCN,151670,151670,0.1787555686352508,0.3838261441869853,0.4378356445531517,0.7623421354764638,0.4575468224553009,0.3305649835700904,0.3838261441869854,Raw domains
305,scCube,sim2,DLPFC_151670train_151670spatial,SpaceFlow,151670,151670,0.2963367985998361,0.3931601438879231,0.5351795449533447,0.7346153846153847,0.4567086078258408,0.3451880167208575,0.3931601438879231,Raw domains
306,scCube,sim2,DLPFC_151670train_151670spatial,SpatialMGCN,151670,151670,0.3103051842846882,0.4096428955596201,0.5512878255375193,0.7597588978185993,0.4621302368936891,0.3678622269739109,0.4096428955596199,Raw domains
307,scCube,sim2,DLPFC_151670train_151670spatial,stLearn,151670,151670,0.136471256541754,0.2375875068349319,0.4091215943169785,0.6925947187141217,0.2807728539275742,0.2059158691709186,0.2375875068349319,Raw domains
308,scCube,sim2,DLPFC_151670train_151671spatial,BASS,151670,151671,0.4905548842028066,0.6514546886105683,0.6309766967260279,0.7488394820425116,0.679797818524093,0.625380409312355,0.6514546886105682,Raw domains
309,scCube,sim2,DLPFC_151670train_151671spatial,Banksy,151670,151671,0.577815584667887,0.7105925084468365,0.6936689948911533,0.8915221109210847,0.7499354910309018,0.6751717670751044,0.7105925084468364,Raw domains
310,scCube,sim2,DLPFC_151670train_151671spatial,BayesSpace,151670,151671,0.5577553467826041,0.6610264670339417,0.6814290965414975,0.7933056437820669,0.6752304582953601,0.647407747854254,0.6610264670339417,Raw domains
311,scCube,sim2,DLPFC_151670train_151671spatial,CCST,151670,151671,0.6342381761699141,0.7151318182097861,0.7370408745226236,0.8797459076472025,0.740305529944824,0.6916442336861113,0.7151318182097861,Raw domains
312,scCube,sim2,DLPFC_151670train_151671spatial,CellCharter,151670,151671,0.6323926796175968,0.6552575388201352,0.7349476833178068,0.8217444417297826,0.6823556793870835,0.6309045439887269,0.6552575388201352,Raw domains
313,scCube,sim2,DLPFC_151670train_151671spatial,DeepST,151670,151671,0.7365103205630759,0.7734628732364268,0.8115051859285206,0.881602736379184,0.7958719160298886,0.7528103986431892,0.7734628732364268,Raw domains
314,scCube,sim2,DLPFC_151670train_151671spatial,GraphST,151670,151671,0.8433121259425047,0.795691902152719,0.8898467816395023,0.9020278524309796,0.7969900503240677,0.7943979759871022,0.7956919021527191,Raw domains
315,scCube,sim2,DLPFC_151670train_151671spatial,PRECAST,151670,151671,0.516417169777338,0.5187626031345872,0.6508361430714903,0.7627656975323723,0.5390062971832821,0.4999844688718994,0.5187626031345873,Raw domains
316,scCube,sim2,DLPFC_151670train_151671spatial,SEDR,151670,151671,0.7442253890088001,0.7326976596188294,0.8197368147486674,0.877204984119228,0.7295318876485526,0.7366708062813285,0.7326976596188294,Raw domains
317,scCube,sim2,DLPFC_151670train_151671spatial,STAGATE,151670,151671,0.7565493706848512,0.7606768885562396,0.8275608003226388,0.8956755436110433,0.7807949776583034,0.7422504686433403,0.7606768885562396,Raw domains
318,scCube,sim2,DLPFC_151670train_151671spatial,SpaGCN,151670,151671,0.4340294667858576,0.5010164104964291,0.5837975236895739,0.7647202540923528,0.5358031433419629,0.4704713119054394,0.5010164104964291,Raw domains
319,scCube,sim2,DLPFC_151670train_151671spatial,SpaceFlow,151670,151671,0.7177989734301161,0.7654835124889612,0.7979622139680835,0.8658196921573419,0.7897124176028012,0.7427979982640176,0.7654835124889612,Raw domains
320,scCube,sim2,DLPFC_151670train_151671spatial,SpatialMGCN,151670,151671,0.4073561780943995,0.537195509221118,0.5727428982347524,0.7290495968727095,0.5533021899880621,0.5220000371783524,0.5371955092211181,Raw domains
321,scCube,sim2,DLPFC_151670train_151671spatial,stLearn,151670,151671,0.2300857745914954,0.2904007329282074,0.4300370519251989,0.625897874419741,0.3088059785355025,0.274066162155371,0.2904007329282073,Raw domains
322,scCube,sim2,DLPFC_151670train_151672spatial,BASS,151670,151672,0.653771288679776,0.6872045293603978,0.7511117858055597,0.7242798353909465,0.6576241993521725,0.719571275942706,0.6872045293603979,Raw domains
323,scCube,sim2,DLPFC_151670train_151672spatial,Banksy,151670,151672,0.8644133906591345,0.826230767961961,0.9003048434011062,0.9254115226337448,0.828168811775088,0.8243017736195046,0.826230767961961,Raw domains
324,scCube,sim2,DLPFC_151670train_151672spatial,BayesSpace,151670,151672,0.5878421674856429,0.67798551416284,0.6953980070741409,0.7844650205761317,0.6720606475880123,0.684015776799342,0.67798551416284,Raw domains
325,scCube,sim2,DLPFC_151670train_151672spatial,CCST,151670,151672,0.6662996860840321,0.7306483002740396,0.7510198517965054,0.8670267489711934,0.7471598498416696,0.714869428519002,0.7306483002740396,Raw domains
326,scCube,sim2,DLPFC_151670train_151672spatial,CellCharter,151670,151672,0.6713981393250056,0.7004853620408992,0.7543911107139729,0.8318415637860083,0.7172607420079938,0.6850716275670742,0.7004853620408993,Raw domains
327,scCube,sim2,DLPFC_151670train_151672spatial,DeepST,151670,151672,0.6955554404567156,0.7364603307537679,0.7725507346480397,0.8535493827160494,0.7605378582945852,0.7139454420861439,0.7364603307537679,Raw domains
328,scCube,sim2,DLPFC_151670train_151672spatial,GraphST,151670,151672,0.8636490238989513,0.8255691617598704,0.9001113274022998,0.9189814814814816,0.8216822255476639,0.8294930467618651,0.8255691617598704,Raw domains
329,scCube,sim2,DLPFC_151670train_151672spatial,PRECAST,151670,151672,0.4117490235841843,0.4345608171377327,0.5633217861548235,0.6242283950617284,0.4407866244283613,0.4285084308692936,0.4345608171377327,Raw domains
330,scCube,sim2,DLPFC_151670train_151672spatial,SEDR,151670,151672,0.7709788251298048,0.7325670134915205,0.8344834632187969,0.8480452674897119,0.717683734903672,0.7484728633022687,0.7325670134915205,Raw domains
331,scCube,sim2,DLPFC_151670train_151672spatial,STAGATE,151670,151672,0.6264773102872956,0.6944352975679567,0.7205830235876778,0.8516460905349794,0.7127522411740552,0.677036240695247,0.6944352975679567,Raw domains
332,scCube,sim2,DLPFC_151670train_151672spatial,SpaGCN,151670,151672,0.4853061995491333,0.517428309885832,0.6120171280741364,0.7412551440329218,0.5380284812938723,0.498347455684269,0.517428309885832,Raw domains
333,scCube,sim2,DLPFC_151670train_151672spatial,SpaceFlow,151670,151672,0.7859040850313155,0.7861674729037966,0.8423009157697529,0.881738683127572,0.7849226591612007,0.7876395814757742,0.7861674729037966,Raw domains
334,scCube,sim2,DLPFC_151670train_151672spatial,SpatialMGCN,151670,151672,0.605257970150464,0.5345201350767601,0.7126714085317756,0.6939300411522634,0.5278495561402395,0.5413614677285863,0.5345201350767602,Raw domains
335,scCube,sim2,DLPFC_151670train_151672spatial,stLearn,151670,151672,0.2146227985885948,0.2726140054887606,0.4057745450112955,0.5791152263374485,0.282541047756396,0.2633628308471143,0.2726140054887606,Raw domains
336,scCube,sim2,DLPFC_151671train_151669spatial,BASS,151671,151669,0.5229427362567985,0.6842483192611271,0.6857344013281013,0.8798129812981298,0.748905982402806,0.629867942784943,0.6842483192611272,Raw domains
337,scCube,sim2,DLPFC_151671train_151669spatial,Banksy,151671,151669,0.5623742237954924,0.6923590209166621,0.7163070673136185,0.8814631463146314,0.73975781734717,0.650668480921373,0.6923590209166621,Raw domains
338,scCube,sim2,DLPFC_151671train_151669spatial,BayesSpace,151671,151669,0.5342886524092094,0.6148057288260207,0.7092600680062987,0.7755775577557755,0.603959283620534,0.6260488788943125,0.6148057288260208,Raw domains
339,scCube,sim2,DLPFC_151671train_151669spatial,CCST,151671,151669,0.4002929211692144,0.5909540360337491,0.6052224255501065,0.7865786578657865,0.6208155367689859,0.563930411101663,0.5909540360337491,Raw domains
340,scCube,sim2,DLPFC_151671train_151669spatial,CellCharter,151671,151669,0.3765330639067036,0.5334301500761287,0.5781975453254147,0.7931793179317932,0.5953805662268177,0.4832021343995032,0.5334301500761287,Raw domains
341,scCube,sim2,DLPFC_151671train_151669spatial,DeepST,151671,151669,0.4284430575792014,0.6106923198256552,0.614424648659084,0.8209020902090209,0.6871460854758971,0.5496498895126573,0.6106923198256552,Raw domains
342,scCube,sim2,DLPFC_151671train_151669spatial,GraphST,151671,151669,0.6914439015943963,0.7380238979547119,0.803578928203607,0.8811881188118813,0.7810568784450777,0.6994851783505958,0.738023897954712,Raw domains
343,scCube,sim2,DLPFC_151671train_151669spatial,PRECAST,151671,151669,0.311156512274586,0.3653280927191933,0.5453531729067578,0.7274477447744775,0.3933247740707518,0.3410521531272257,0.3653280927191933,Raw domains
344,scCube,sim2,DLPFC_151671train_151669spatial,SEDR,151671,151669,0.5861529956509584,0.6555191428445307,0.7315115069028512,0.849064906490649,0.6945506369486241,0.6225546478376964,0.6555191428445306,Raw domains
345,scCube,sim2,DLPFC_151671train_151669spatial,STAGATE,151671,151669,0.5791052343818825,0.5957215766073267,0.7319843612553697,0.8305280528052805,0.6194249099995217,0.5739315990187102,0.5957215766073267,Raw domains
346,scCube,sim2,DLPFC_151671train_151669spatial,SpaGCN,151671,151669,0.3047757287130411,0.3988764616770429,0.5222503305133352,0.7208470847084708,0.4507312961157067,0.3577219776507364,0.398876461677043,Raw domains
347,scCube,sim2,DLPFC_151671train_151669spatial,SpaceFlow,151671,151669,0.4609543766399486,0.6270089080524689,0.6423010996235636,0.8043454345434544,0.6850463788527998,0.5781571644608199,0.6270089080524689,Raw domains
348,scCube,sim2,DLPFC_151671train_151669spatial,SpatialMGCN,151671,151669,0.2603450437947849,0.3293752007688781,0.4946141257150245,0.6606160616061606,0.364993644101162,0.300090433055535,0.329375200768878,Raw domains
349,scCube,sim2,DLPFC_151671train_151669spatial,stLearn,151671,151669,0.1287904977316453,0.2329292581192058,0.4060786800266062,0.668976897689769,0.254266731329193,0.2149003919061377,0.2329292581192058,Raw domains
350,scCube,sim2,DLPFC_151671train_151670spatial,BASS,151671,151670,0.5871861133039602,0.6646323014230702,0.7467335155292212,0.8955223880597016,0.7238070082446253,0.6144019820885742,0.6646323014230703,Raw domains
351,scCube,sim2,DLPFC_151671train_151670spatial,Banksy,151671,151670,0.558152594208193,0.6974753815342671,0.7265424854550886,0.9222158438576348,0.7679546109161158,0.6388452010230937,0.6974753815342671,Raw domains
352,scCube,sim2,DLPFC_151671train_151670spatial,BayesSpace,151671,151670,0.3694988087106716,0.5551924561820428,0.5987443673762423,0.8274971297359357,0.6155543452353962,0.5056116594157342,0.5551924561820429,Raw domains
353,scCube,sim2,DLPFC_151671train_151670spatial,CCST,151671,151670,0.5371746287074605,0.6274302806987804,0.7175705001243757,0.8422502870264065,0.6488345292409707,0.6097250521215016,0.6274302806987804,Raw domains
354,scCube,sim2,DLPFC_151671train_151670spatial,CellCharter,151671,151670,0.3625790773373006,0.5485453790016748,0.5808526212604244,0.846211251435132,0.6411459441431485,0.479502786611738,0.5485453790016748,Raw domains
355,scCube,sim2,DLPFC_151671train_151670spatial,DeepST,151671,151670,0.5274200690512749,0.641021921891609,0.7039440785817443,0.8634902411021814,0.7161114907795526,0.5802434990073995,0.641021921891609,Raw domains
356,scCube,sim2,DLPFC_151671train_151670spatial,GraphST,151671,151670,0.5118974397964549,0.6872956915564291,0.6943902853066458,0.9199196326061998,0.7624273256812372,0.6256431382298758,0.687295691556429,Raw domains
357,scCube,sim2,DLPFC_151671train_151670spatial,PRECAST,151671,151670,0.3821526637615988,0.3778382512697499,0.6068699024555185,0.7359357060849598,0.4223131362516195,0.3418383712330526,0.3778382512697499,Raw domains
358,scCube,sim2,DLPFC_151671train_151670spatial,SEDR,151671,151670,0.4079153692892333,0.5613004156633374,0.6256251929172431,0.8277841561423651,0.6065814466270055,0.5231344269868425,0.5613004156633374,Raw domains
359,scCube,sim2,DLPFC_151671train_151670spatial,STAGATE,151671,151670,0.5028405199433318,0.5365285875035963,0.6934102597293629,0.8474167623421355,0.5752679659091786,0.5027351569259897,0.5365285875035963,Raw domains
360,scCube,sim2,DLPFC_151671train_151670spatial,SpaGCN,151671,151670,0.2247369088825389,0.3995707851488704,0.4746227492315019,0.771239954075775,0.473727410134968,0.345488499536847,0.3995707851488705,Raw domains
361,scCube,sim2,DLPFC_151671train_151670spatial,SpaceFlow,151671,151670,0.4554327514453405,0.6240188945965981,0.6530523746318571,0.8598163030998851,0.704242537532836,0.5602334134415835,0.6240188945965981,Raw domains
362,scCube,sim2,DLPFC_151671train_151670spatial,SpatialMGCN,151671,151670,0.5797380498542998,0.4727063547709543,0.7448389461438637,0.7408151549942594,0.5083023059656825,0.4417696269687504,0.4727063547709543,Raw domains
363,scCube,sim2,DLPFC_151671train_151670spatial,stLearn,151671,151670,0.1319460424718023,0.2321831239770562,0.4185704572867408,0.7145809414466131,0.2664437610224748,0.2057311915637383,0.2321831239770562,Raw domains
364,scCube,sim2,DLPFC_151671train_151671spatial,BASS,151671,151671,0.5073970713674567,0.6492331756256484,0.6400683627686429,0.8568287319814317,0.6907316196284817,0.6124385014902141,0.6492331756256485,Raw domains
365,scCube,sim2,DLPFC_151671train_151671spatial,Banksy,151671,151671,0.5434561064980669,0.6440055692622791,0.6684828534870615,0.862203762521378,0.6767969216181068,0.6142449118284579,0.6440055692622791,Raw domains
366,scCube,sim2,DLPFC_151671train_151671spatial,BayesSpace,151671,151671,0.4628165091058417,0.6029800816350759,0.606331786644559,0.831908135841681,0.6403523518192301,0.5697295049334123,0.602980081635076,Raw domains
367,scCube,sim2,DLPFC_151671train_151671spatial,CCST,151671,151671,0.5363130218835275,0.6392957888329496,0.6726705369523863,0.7771805521622281,0.6332549567150517,0.645987631257858,0.6392957888329496,Raw domains
368,scCube,sim2,DLPFC_151671train_151671spatial,CellCharter,151671,151671,0.3929365747032879,0.5244610594183314,0.5530379573861243,0.7758612264842414,0.5588641571805735,0.4940633314039028,0.5244610594183314,Raw domains
369,scCube,sim2,DLPFC_151671train_151671spatial,DeepST,151671,151671,0.5062922643407083,0.6348491813228098,0.6380572270562633,0.8115318837038847,0.6785269658026983,0.5965585930412252,0.6348491813228098,Raw domains
370,scCube,sim2,DLPFC_151671train_151671spatial,GraphST,151671,151671,0.5550745467236514,0.6719505546135314,0.6767665093343593,0.8702663083312974,0.708654311143726,0.6388616130343091,0.6719505546135314,Raw domains
371,scCube,sim2,DLPFC_151671train_151671spatial,PRECAST,151671,151671,0.2388131205489032,0.3445052540174722,0.4557918073083352,0.627901294893721,0.3507810484470112,0.3384500720562702,0.3445052540174721,Raw domains
372,scCube,sim2,DLPFC_151671train_151671spatial,SEDR,151671,151671,0.4733656994893088,0.5977819486140505,0.6152666882019066,0.8296603957977033,0.6306215329906835,0.5682074641160708,0.5977819486140505,Raw domains
373,scCube,sim2,DLPFC_151671train_151671spatial,STAGATE,151671,151671,0.3814602219473617,0.5012678384689266,0.5519809659184283,0.7454678719765454,0.5216793361729809,0.4825689589130081,0.5012678384689266,Raw domains
374,scCube,sim2,DLPFC_151671train_151671spatial,SpaGCN,151671,151671,0.5053251725355857,0.5936549886752972,0.6380755390351334,0.8519423405814806,0.6336311219704429,0.558423730738126,0.5936549886752973,Raw domains
375,scCube,sim2,DLPFC_151671train_151671spatial,SpaceFlow,151671,151671,0.5443951170248973,0.5663141150678479,0.6709143915789597,0.7582213535304179,0.590889753877655,0.543776920524054,0.5663141150678479,Raw domains
376,scCube,sim2,DLPFC_151671train_151671spatial,SpatialMGCN,151671,151671,0.2110619691097418,0.2745244404466007,0.419913122712498,0.5487417542145125,0.2884217877990764,0.2619047910032469,0.2745244404466006,Raw domains
377,scCube,sim2,DLPFC_151671train_151671spatial,stLearn,151671,151671,0.2960143914467297,0.3889423983576651,0.4800579460090859,0.7046665037869533,0.4133837053836283,0.367229941627002,0.3889423983576652,Raw domains
378,scCube,sim2,DLPFC_151671train_151672spatial,BASS,151671,151672,0.6444536939074389,0.7635324125098214,0.7334645499748872,0.8989197530864198,0.7942764606690588,0.7350796928378233,0.7635324125098213,Raw domains
379,scCube,sim2,DLPFC_151671train_151672spatial,Banksy,151671,151672,0.6563209039564571,0.7652926673222626,0.7427314381970815,0.9002057613168726,0.7928233242931365,0.7396098396800893,0.7652926673222628,Raw domains
380,scCube,sim2,DLPFC_151671train_151672spatial,BayesSpace,151671,151672,0.6811827899763434,0.7549661458533415,0.7626637235145157,0.8850308641975309,0.7697758872613308,0.7407154981441333,0.7549661458533418,Raw domains
381,scCube,sim2,DLPFC_151671train_151672spatial,CCST,151671,151672,0.8360944088754412,0.8015859037361113,0.8822304399520796,0.8883230452674897,0.7806182866982101,0.8237333580463732,0.801585903736111,Raw domains
382,scCube,sim2,DLPFC_151671train_151672spatial,CellCharter,151671,151672,0.5202367410770015,0.63170026017866,0.6393127218973167,0.7888374485596709,0.651163317019864,0.6136221241370994,0.63170026017866,Raw domains
383,scCube,sim2,DLPFC_151671train_151672spatial,DeepST,151671,151672,0.7994315992054771,0.8160405182311191,0.8508975159035981,0.9197530864197532,0.8309049929257629,0.8020086388620694,0.8160405182311192,Raw domains
384,scCube,sim2,DLPFC_151671train_151672spatial,GraphST,151671,151672,0.6706250981474826,0.7668001126956709,0.7540524044345183,0.9012345679012344,0.7885645986318146,0.7462047637363078,0.7668001126956708,Raw domains
385,scCube,sim2,DLPFC_151671train_151672spatial,PRECAST,151671,151672,0.3954990351122335,0.4500566617772656,0.5467921099345135,0.7505144032921811,0.4627353583848138,0.4380542150448661,0.4500566617772656,Raw domains
386,scCube,sim2,DLPFC_151671train_151672spatial,SEDR,151671,151672,0.6720970014540106,0.7554147814323819,0.7553397809064635,0.8896604938271604,0.7702129447494552,0.7423794394214914,0.7554147814323819,Raw domains
387,scCube,sim2,DLPFC_151671train_151672spatial,STAGATE,151671,151672,0.6641458527348887,0.7292897131996435,0.7499137290417728,0.8884773662551441,0.7441076763104538,0.7150508343617923,0.7292897131996435,Raw domains
388,scCube,sim2,DLPFC_151671train_151672spatial,SpaGCN,151671,151672,0.4577753773971344,0.5311881384022891,0.5909159177047502,0.7806069958847737,0.5517398491901288,0.512112503257862,0.5311881384022892,Raw domains
389,scCube,sim2,DLPFC_151671train_151672spatial,SpaceFlow,151671,151672,0.734508023272895,0.7606570135789174,0.8042741011132446,0.851440329218107,0.7704874034612367,0.7514073818403403,0.7606570135789174,Raw domains
390,scCube,sim2,DLPFC_151671train_151672spatial,SpatialMGCN,151671,151672,0.6086727083643892,0.5722947997054872,0.7198300721966284,0.7469135802469136,0.5581819153328371,0.5871398467045021,0.5722947997054871,Raw domains
391,scCube,sim2,DLPFC_151671train_151672spatial,stLearn,151671,151672,0.2831627640824408,0.3807105526399182,0.4584624439326371,0.6747942386831276,0.3941912761573961,0.3681213920112451,0.3807105526399182,Raw domains
392,scCube,sim2,DLPFC_151672train_151669spatial,BASS,151672,151669,0.3277296412691797,0.5773823771726452,0.5482103616991568,0.7885038503850385,0.6301308066542365,0.5327829634043417,0.5773823771726452,Raw domains
393,scCube,sim2,DLPFC_151672train_151669spatial,Banksy,151672,151669,0.573775621089558,0.7070528741650681,0.7243559652932587,0.8861386138613861,0.7533296903815146,0.666132551927747,0.707052874165068,Raw domains
394,scCube,sim2,DLPFC_151672train_151669spatial,BayesSpace,151672,151669,0.7907749064692146,0.7176202079085823,0.8856596620810853,0.7912541254125413,0.6227125713794702,0.8466596187989774,0.7176202079085824,Raw domains
395,scCube,sim2,DLPFC_151672train_151669spatial,CCST,151672,151669,0.4343277722472514,0.6058991742237693,0.6323359856699902,0.790869086908691,0.6234252360353573,0.5893696976003229,0.6058991742237693,Raw domains
396,scCube,sim2,DLPFC_151672train_151669spatial,CellCharter,151672,151669,0.3517107909740314,0.5272647450144705,0.557782891828523,0.7849834983498349,0.5932315434826628,0.4745573213988825,0.5272647450144704,Raw domains
397,scCube,sim2,DLPFC_151672train_151669spatial,DeepST,151672,151669,0.45549763445706,0.6130815365705321,0.6377769502548276,0.8209020902090209,0.6753363948333315,0.5614390594415531,0.6130815365705321,Raw domains
398,scCube,sim2,DLPFC_151672train_151669spatial,GraphST,151672,151669,0.530833553018987,0.6867005804038638,0.6919143885461357,0.8809130913091309,0.746304031670543,0.6359134547778195,0.6867005804038638,Raw domains
399,scCube,sim2,DLPFC_151672train_151669spatial,PRECAST,151672,151669,0.1193155150828904,0.2486714890664573,0.4791387794639824,0.6468646864686468,0.2404238075686891,0.2575051416650429,0.2486714890664573,Raw domains
400,scCube,sim2,DLPFC_151672train_151669spatial,SEDR,151672,151669,0.5584347437585909,0.6838005077045475,0.7131878997468042,0.861991199119912,0.7129859639426147,0.6613810816628517,0.6838005077045476,Raw domains
401,scCube,sim2,DLPFC_151672train_151669spatial,STAGATE,151672,151669,0.4779412796162415,0.6305791084702947,0.6553300979752104,0.8558855885588559,0.6826701001266506,0.5862242597825074,0.6305791084702947,Raw domains
402,scCube,sim2,DLPFC_151672train_151669spatial,SpaGCN,151672,151669,0.2577051695412839,0.44389325896968,0.4889219158885497,0.7711771177117712,0.4969029859902401,0.4011034490098083,0.4438932589696799,Raw domains
403,scCube,sim2,DLPFC_151672train_151669spatial,SpaceFlow,151672,151669,0.3701648361804868,0.5880726112973471,0.5780515289464403,0.7982398239823982,0.638601418578781,0.5450848977148884,0.5880726112973471,Raw domains
404,scCube,sim2,DLPFC_151672train_151669spatial,SpatialMGCN,151672,151669,0.422052942807244,0.5685767928043136,0.6194148200750013,0.7764026402640264,0.5998190346713301,0.540427999111558,0.5685767928043137,Raw domains
405,scCube,sim2,DLPFC_151672train_151669spatial,stLearn,151672,151669,0.1058279630158767,0.2313402088272934,0.3791368863572827,0.6386688668866887,0.2574326637288964,0.2100507251725265,0.2313402088272934,Raw domains
406,scCube,sim2,DLPFC_151672train_151670spatial,BASS,151672,151670,0.3885959936790317,0.5957885097041908,0.6084514334706619,0.8490241102181401,0.6678909813065781,0.5377368824457268,0.5957885097041908,Raw domains
407,scCube,sim2,DLPFC_151672train_151670spatial,Banksy,151672,151670,0.5763973208033212,0.6836532589413519,0.7401776586069851,0.9058553386911596,0.7403893285042035,0.6349936641646416,0.6836532589413519,Raw domains
408,scCube,sim2,DLPFC_151672train_151670spatial,BayesSpace,151672,151670,0.444029929440341,0.6251823234366343,0.6508570906832832,0.8484500574052813,0.6687995118809765,0.5869059955502226,0.6251823234366343,Raw domains
409,scCube,sim2,DLPFC_151672train_151670spatial,CCST,151672,151670,0.5372914597364895,0.6342757274276873,0.7194109572482419,0.844833524684271,0.6496584801270849,0.6200948642206373,0.6342757274276873,Raw domains
410,scCube,sim2,DLPFC_151672train_151670spatial,CellCharter,151672,151670,0.3373730192964899,0.553763974438392,0.5630157606347164,0.8447761194029851,0.6462456436274355,0.4844747040818425,0.553763974438392,Raw domains
411,scCube,sim2,DLPFC_151672train_151670spatial,DeepST,151672,151670,0.469163267363638,0.6450255375996878,0.6618744738338194,0.8663030998851895,0.7307404983738708,0.5773534678267858,0.6450255375996878,Raw domains
412,scCube,sim2,DLPFC_151672train_151670spatial,GraphST,151672,151670,0.4722653568109974,0.6273340745497835,0.6704342479324572,0.865097588978186,0.6745320992911682,0.5863091426731992,0.6273340745497837,Raw domains
413,scCube,sim2,DLPFC_151672train_151670spatial,PRECAST,151672,151670,0.5286775343949316,0.499289064074606,0.7205495658103025,0.8079793340987372,0.515812372595308,0.4837914982728515,0.499289064074606,Raw domains
414,scCube,sim2,DLPFC_151672train_151670spatial,SEDR,151672,151670,0.4379054653376843,0.5946006184268086,0.6462142990172275,0.844259471871412,0.6477133551717151,0.5497742958201772,0.5946006184268086,Raw domains
415,scCube,sim2,DLPFC_151672train_151670spatial,STAGATE,151672,151670,0.5011245674587355,0.6750030468764078,0.6851154480828325,0.9211251435132032,0.7592549654651424,0.6075845500046346,0.6750030468764077,Raw domains
416,scCube,sim2,DLPFC_151672train_151670spatial,SpaGCN,151672,151670,0.2866880087201962,0.491014666479888,0.5266461726789508,0.8292192881745122,0.5691401369554087,0.4317488080923549,0.491014666479888,Raw domains
417,scCube,sim2,DLPFC_151672train_151670spatial,SpaceFlow,151672,151670,0.4022147352691016,0.5933786660699722,0.6134559893273895,0.8479334098737084,0.68381013675755,0.5242870979686349,0.5933786660699722,Raw domains
418,scCube,sim2,DLPFC_151672train_151670spatial,SpatialMGCN,151672,151670,0.4399158526530639,0.592577555038049,0.6449322381553486,0.8407003444316878,0.6507364255546094,0.543961572557305,0.592577555038049,Raw domains
419,scCube,sim2,DLPFC_151672train_151670spatial,stLearn,151672,151670,0.105592886825652,0.2389936836269321,0.3953150559324508,0.6879448909299656,0.2761275403327874,0.2106637077073022,0.2389936836269321,Raw domains
420,scCube,sim2,DLPFC_151672train_151671spatial,BASS,151672,151671,0.5313224484162776,0.6339383695405898,0.6724399750354995,0.7483508429025165,0.6269382777618873,0.6410965457413144,0.6339383695405898,Raw domains
421,scCube,sim2,DLPFC_151672train_151671spatial,Banksy,151672,151671,0.6510773025591401,0.7646004032239261,0.7486527395814564,0.920596139750794,0.8064018744033301,0.7269190831895568,0.7646004032239261,Raw domains
422,scCube,sim2,DLPFC_151672train_151671spatial,BayesSpace,151672,151671,0.7277341695398358,0.7105940404716679,0.8277360145376058,0.7522599560224774,0.6329322854234161,0.8099797944258211,0.7105940404716679,Raw domains
423,scCube,sim2,DLPFC_151672train_151671spatial,CCST,151672,151671,0.6592895338688566,0.7155404489916904,0.7651234421797477,0.7917419985340826,0.690418763374839,0.7461525845024914,0.7155404489916904,Raw domains
424,scCube,sim2,DLPFC_151672train_151671spatial,CellCharter,151672,151671,0.5334498005882792,0.6283910298606998,0.6629490594263421,0.7687270950403128,0.6416761312946943,0.6171686914927257,0.6283910298607,Raw domains
425,scCube,sim2,DLPFC_151672train_151671spatial,DeepST,151672,151671,0.588414219208433,0.716679752952902,0.7027651454870552,0.8500366479354996,0.7549980642740105,0.6824755258982191,0.7166797529529021,Raw domains
426,scCube,sim2,DLPFC_151672train_151671spatial,GraphST,151672,151671,0.8859516860768085,0.8321055365895822,0.921540680667582,0.9164427070608356,0.816466555344822,0.8483553303045518,0.8321055365895822,Raw domains
427,scCube,sim2,DLPFC_151672train_151671spatial,PRECAST,151672,151671,0.3959131245780576,0.4041665951897947,0.5652130748360461,0.6789640850232104,0.415033456707932,0.3938542703752045,0.4041665951897948,Raw domains
428,scCube,sim2,DLPFC_151672train_151671spatial,SEDR,151672,151671,0.8000757293913493,0.7829957641655736,0.8598009739635117,0.9038358172489616,0.7765980704157828,0.7907023341445646,0.7829957641655735,Raw domains
429,scCube,sim2,DLPFC_151672train_151671spatial,STAGATE,151672,151671,0.7033843872485075,0.7472182336649443,0.7873793389645813,0.8985585145370145,0.7640484578990381,0.7328004621703353,0.7472182336649443,Raw domains
430,scCube,sim2,DLPFC_151672train_151671spatial,SpaGCN,151672,151671,0.5386276031772305,0.6387531520942678,0.6635250566221131,0.8729538236012704,0.6806883495365702,0.6016851107026561,0.6387531520942678,Raw domains
431,scCube,sim2,DLPFC_151672train_151671spatial,SpaceFlow,151672,151671,0.7071079750649508,0.7609999200681714,0.7903066429986602,0.8890300513071097,0.7994303104911514,0.7261037903093368,0.7609999200681713,Raw domains
432,scCube,sim2,DLPFC_151672train_151671spatial,SpatialMGCN,151672,151671,0.4828754832205119,0.6187643502940053,0.6299701994641755,0.7603225018323968,0.6256308928068087,0.6120468974168186,0.6187643502940053,Raw domains
433,scCube,sim2,DLPFC_151672train_151671spatial,stLearn,151672,151671,0.1836179522364284,0.2876124442976097,0.4135487995952885,0.6002443195699976,0.2932606400115265,0.2821786645720672,0.2876124442976097,Raw domains
434,scCube,sim2,DLPFC_151672train_151672spatial,BASS,151672,151672,0.7155722273256078,0.6706348328960214,0.7936562568358306,0.8204732510288066,0.6628600904415453,0.6785941211365364,0.6706348328960213,Raw domains
435,scCube,sim2,DLPFC_151672train_151672spatial,Banksy,151672,151672,0.5615953189749544,0.6860895441040598,0.6702470520029532,0.8590534979423868,0.713425755992021,0.6607708992964445,0.6860895441040598,Raw domains
436,scCube,sim2,DLPFC_151672train_151672spatial,BayesSpace,151672,151672,0.5220191316388267,0.6338858229112606,0.6412712583328737,0.8287037037037038,0.6512513752391402,0.617422318961814,0.6338858229112606,Raw domains
437,scCube,sim2,DLPFC_151672train_151672spatial,CCST,151672,151672,0.5459826706020824,0.6477886957636774,0.6755316919052458,0.7343621399176954,0.6237997443392783,0.6756490244875959,0.6477886957636774,Raw domains
438,scCube,sim2,DLPFC_151672train_151672spatial,CellCharter,151672,151672,0.3996434195128259,0.5487706396004091,0.5525725463107378,0.7367798353909465,0.5604970437849872,0.5376465834720371,0.5487706396004091,Raw domains
439,scCube,sim2,DLPFC_151672train_151672spatial,DeepST,151672,151672,0.5355681832365252,0.6596844225026806,0.6493097852122875,0.836059670781893,0.6909456782699805,0.6311322426096322,0.6596844225026806,Raw domains
440,scCube,sim2,DLPFC_151672train_151672spatial,GraphST,151672,151672,0.529017887369922,0.6394458319527697,0.6462271254430562,0.8371913580246912,0.659853464082877,0.6202626457052102,0.6394458319527696,Raw domains
441,scCube,sim2,DLPFC_151672train_151672spatial,PRECAST,151672,151672,0.3339619792735323,0.4574099728139139,0.5191626033628478,0.6998456790123457,0.4509259737423489,0.4640831630346325,0.4574099728139139,Raw domains
442,scCube,sim2,DLPFC_151672train_151672spatial,SEDR,151672,151672,0.518691807260689,0.6298132141725595,0.6403768234400817,0.8250514403292181,0.6426578393786033,0.6174794799849518,0.6298132141725595,Raw domains
443,scCube,sim2,DLPFC_151672train_151672spatial,STAGATE,151672,151672,0.6033383695032825,0.6838825908294587,0.7050599332222022,0.8596193415637859,0.6948584377882685,0.673252070053198,0.6838825908294586,Raw domains
444,scCube,sim2,DLPFC_151672train_151672spatial,SpaGCN,151672,151672,0.3570918065973049,0.490586522887276,0.5167228043686559,0.698045267489712,0.506547683182901,0.4756004987684346,0.490586522887276,Raw domains
445,scCube,sim2,DLPFC_151672train_151672spatial,SpaceFlow,151672,151672,0.5707655686929535,0.6197110180025172,0.6783519561553152,0.7506687242798354,0.6405933978156597,0.600165034206422,0.6197110180025172,Raw domains
446,scCube,sim2,DLPFC_151672train_151672spatial,SpatialMGCN,151672,151672,0.4463831533750465,0.5672890617046238,0.5898039848668688,0.7003600823045267,0.5689575776056218,0.5656303033150454,0.5672890617046237,Raw domains
447,scCube,sim2,DLPFC_151672train_151672spatial,stLearn,151672,151672,0.1621126026597963,0.2738140605737029,0.3848847586789384,0.5473251028806584,0.2726176580859044,0.2750210300982814,0.2738140605737028,Raw domains
