,Technology,Dataset,Sample,Method,delta,lamda,ARI,NMI,FMI,Purity,Homogeneity,Completeness,V_measure
0,scCube,sim1,15_0.2,BASS,15,0.2,0.1332957340245608,0.1369156129410084,0.4018196639147205,0.5523809523809524,0.1478949570134693,0.12745377038311,0.1369156129410084
1,scCube,sim1,15_0.2,Banksy,15,0.2,0.1985643624101912,0.3248485600463819,0.459105824179857,0.6672527472527472,0.3441186196196899,0.3076223309336933,0.3248485600463819
2,scCube,sim1,15_0.2,BayesSpace,15,0.2,0.0953396122472403,0.2051051159769576,0.4494384610473572,0.6461538461538462,0.197238232034536,0.2136256137166833,0.2051051159769576
3,scCube,sim1,15_0.2,CCST,15,0.2,0.0615126306948656,0.0652662359186572,0.3570664143259363,0.5422710622710623,0.0698971274680624,0.0612152052338189,0.0652662359186572
4,scCube,sim1,15_0.2,CellCharter,15,0.2,0.306723896317661,0.3158079282024382,0.5410733553649821,0.6627106227106228,0.3263068510982493,0.3062184879844682,0.3158079282024382
5,scCube,sim1,15_0.2,DeepST,15,0.2,0.0981432888173996,0.164337145957725,0.454693372876931,0.602051282051282,0.1719059389003548,0.3575791971031895,0.164337145957725
6,scCube,sim1,15_0.2,GraphST,15,0.2,0.1237929186984392,0.2372500732280852,0.4100806638035772,0.6183150183150183,0.2502843364127859,0.2255062013566282,0.2372500732280852
7,scCube,sim1,15_0.2,PRECAST,15,0.2,0.1002035361302915,0.2492732350395537,0.3930155784172047,0.6021978021978022,0.2626533306373482,0.2371902791443516,0.2492732350395536
8,scCube,sim1,15_0.2,SEDR,15,0.2,0.2142753437048362,0.1405945432541636,0.5486852182609359,0.6175824175824176,0.1299322320045466,0.1541694068650494,0.1405945432541636
9,scCube,sim1,15_0.2,STAGATE,15,0.2,0.083487557590417,0.0782627394867897,0.4100600294935944,0.5806593406593408,0.0785583714766825,0.078106942760911,0.0782627394867897
10,scCube,sim1,15_0.2,SpaGCN,15,0.2,0.4560030988186812,0.4218498892871576,0.6342825375763639,0.7538461538461538,0.4488720397578983,0.3978964739724923,0.4218498892871576
11,scCube,sim1,15_0.2,SpatialMGCN,15,0.2,0.3254964871020671,0.4150240700402933,0.5726456234727445,0.6593406593406593,0.4063656298879986,0.4240595141181175,0.4150240700402933
12,scCube,sim1,15_0.2,SpaceFlow,15,0.2,0.0610695752395763,0.0381451748606404,0.3594592678931899,0.5399267399267399,0.0406455547514351,0.0359376026787048,0.0381451748606404
13,scCube,sim1,15_0.2,stLearn,15,0.2,0.513034882627972,0.4525381132269607,0.6754242682668206,0.7737728937728938,0.4779023316223695,0.4297349634818516,0.4525381132269607
14,scCube,sim1,15_0.4,BASS,15,0.4,0.2185274753211413,0.1391417775398144,0.5100143148168532,0.5970695970695971,0.1366597386290158,0.1417156426954756,0.1391417775398143
15,scCube,sim1,15_0.4,Banksy,15,0.4,0.222540218046933,0.3241377145735198,0.4727402193055818,0.677948717948718,0.3426740000502234,0.3075734266307401,0.3241377145735198
16,scCube,sim1,15_0.4,BayesSpace,15,0.4,0.1107799830180705,0.2201668993538437,0.4503132983697243,0.6461538461538462,0.2123555623665191,0.2285748504515537,0.2201668993538437
17,scCube,sim1,15_0.4,CCST,15,0.4,0.1819800715793427,0.1586052746284556,0.4525759525231873,0.5884249084249085,0.1648998690060257,0.1528053855643122,0.1586052746284556
18,scCube,sim1,15_0.4,CellCharter,15,0.4,0.2137728416135465,0.2213848040025103,0.4758713383240419,0.6146520146520146,0.2286537013578377,0.2147553970993349,0.2213848040025103
19,scCube,sim1,15_0.4,DeepST,15,0.4,0.1759259690618811,0.2736225588751236,0.4384891123821706,0.6323809523809524,0.2892389880370949,0.259681045345892,0.2736225588751236
20,scCube,sim1,15_0.4,GraphST,15,0.4,-0.0059703386623429,0.1880531459291121,0.3861943770735576,0.5992673992673992,0.1798716487608904,0.1970143837556382,0.1880531459291121
21,scCube,sim1,15_0.4,PRECAST,15,0.4,0.1273381057847387,0.2533252383769899,0.4055750451870982,0.6021978021978022,0.2670411118384891,0.2409494931734631,0.2533252383769898
22,scCube,sim1,15_0.4,SEDR,15,0.4,0.1226239965260671,0.1858959271378736,0.4455048533938189,0.6189010989010989,0.1840975895601078,0.1879753130400174,0.1858959271378736
23,scCube,sim1,15_0.4,STAGATE,15,0.4,0.1522590543235419,0.1079685704515364,0.5341804189509055,0.5951648351648352,0.0937318659648589,0.1277219005526577,0.1079685704515364
24,scCube,sim1,15_0.4,SpaGCN,15,0.4,0.5070305169983904,0.4838489709016226,0.668126861669993,0.7758241758241758,0.5108718633103351,0.4595412442623054,0.4838489709016224
25,scCube,sim1,15_0.4,SpatialMGCN,15,0.4,0.1999849974849299,0.3562033382813906,0.5063203973835516,0.6322344322344322,0.3355742360632739,0.3795348785599394,0.3562033382813906
26,scCube,sim1,15_0.4,SpaceFlow,15,0.4,0.1165157939585995,0.1100165709748241,0.3991025456451418,0.5476923076923077,0.1150106838787028,0.1056824178654934,0.1100165709748242
27,scCube,sim1,15_0.4,stLearn,15,0.4,0.579954659106221,0.5027930825651122,0.7199476459089793,0.8008791208791208,0.5262625450740799,0.4813275848177441,0.5027930825651121
28,scCube,sim1,15_0.6,BASS,15,0.6,0.4572837855066541,0.3591876780767077,0.6376766249729272,0.7531135531135531,0.3639144460008912,0.3545821246785464,0.3591876780767077
29,scCube,sim1,15_0.6,Banksy,15,0.6,0.2937424134917056,0.2634367330516522,0.5265898770636624,0.6602197802197802,0.2653283756873096,0.2616756652532531,0.2634367330516522
30,scCube,sim1,15_0.6,BayesSpace,15,0.6,0.1922805903373297,0.3295874831375511,0.4747806937441322,0.693040293040293,0.3256723977041323,0.3335978446897488,0.329587483137551
31,scCube,sim1,15_0.6,CCST,15,0.6,0.38534392868789,0.3039077734352872,0.5859761803951498,0.7066666666666667,0.3101686759955132,0.2979136712902863,0.3039077734352871
32,scCube,sim1,15_0.6,CellCharter,15,0.6,0.4420339635393221,0.3896196356158897,0.6244650420378018,0.7418315018315018,0.3963631090381733,0.3833242114531413,0.3896196356158897
33,scCube,sim1,15_0.6,DeepST,15,0.6,0.4168658595283531,0.3610636296840101,0.6042326121408059,0.721025641025641,0.3708291315999029,0.3518828217823677,0.3610636296840101
34,scCube,sim1,15_0.6,GraphST,15,0.6,0.1845045951059686,0.3123257979333501,0.4412431552660337,0.6490842490842491,0.3244368074236157,0.3010864420001828,0.3123257979333501
35,scCube,sim1,15_0.6,PRECAST,15,0.6,0.1967210989095337,0.3518261020628673,0.451656760701271,0.6483516483516484,0.3624839991038904,0.341777039197318,0.3518261020628673
36,scCube,sim1,15_0.6,SEDR,15,0.6,0.3122390696741582,0.3022047479570806,0.5381415356988415,0.663003663003663,0.3058683920169797,0.2986368793731785,0.3022047479570806
37,scCube,sim1,15_0.6,STAGATE,15,0.6,0.1723840209199873,0.1586677582409092,0.522063819638072,0.6096703296703296,0.140734903800409,0.1836351167223335,0.1586677582409092
38,scCube,sim1,15_0.6,SpaGCN,15,0.6,0.6288249857874753,0.5636306483570348,0.7475660129472194,0.8300366300366301,0.5859850845421456,0.542919113216909,0.5636306483570348
39,scCube,sim1,15_0.6,SpatialMGCN,15,0.6,0.4128823624874037,0.481051060458208,0.6247282324310364,0.6886446886446886,0.4569559320920108,0.5078286918645802,0.4810510604582081
40,scCube,sim1,15_0.6,SpaceFlow,15,0.6,0.3770165431119301,0.2989173311430135,0.5798445680561939,0.703003663003663,0.3054506049790019,0.292659113482215,0.2989173311430135
41,scCube,sim1,15_0.6,stLearn,15,0.6,0.6348348746551375,0.5636362633683081,0.752329953826614,0.8320879120879121,0.5839325162343239,0.5447114782878443,0.5636362633683081
42,scCube,sim1,15_0.8,BASS,15,0.8,0.6870100330405952,0.5739211083806682,0.7896589807417179,0.8622710622710624,0.5761786382240509,0.5716811999837826,0.5739211083806682
43,scCube,sim1,15_0.8,Banksy,15,0.8,0.4028450293199004,0.4139993666525635,0.5866811087953397,0.7295238095238095,0.4255511974235403,0.4030593732843873,0.4139993666525635
44,scCube,sim1,15_0.8,BayesSpace,15,0.8,0.2607430711874778,0.3968253692707375,0.5091844825739877,0.7216117216117216,0.3932713992932956,0.400444159046579,0.3968253692707374
45,scCube,sim1,15_0.8,CCST,15,0.8,0.6194138452448931,0.5202128212008191,0.7423211077924796,0.8310622710622709,0.5256405756682272,0.5148972906673845,0.520212821200819
46,scCube,sim1,15_0.8,CellCharter,15,0.8,0.4664940513125341,0.4703397607680754,0.6291326628065527,0.7594139194139193,0.4856948851186602,0.4561336853963089,0.4703397607680754
47,scCube,sim1,15_0.8,DeepST,15,0.8,0.3671349504637111,0.3749459413132189,0.6210168703940342,0.6832234432234432,0.3725848275037537,0.5788545318889374,0.3749459413132188
48,scCube,sim1,15_0.8,GraphST,15,0.8,0.3847985569635249,0.456162943814676,0.5670127142298453,0.7619047619047619,0.4801779667168565,0.4344356216019798,0.4561629438146762
49,scCube,sim1,15_0.8,PRECAST,15,0.8,0.2476675262165494,0.3939049235003982,0.4790989488664555,0.6791208791208792,0.4057048177397616,0.3827720277406452,0.3939049235003982
50,scCube,sim1,15_0.8,SEDR,15,0.8,0.6310849985125163,0.5307812208381996,0.7513368991515313,0.8405860805860806,0.5338568962474863,0.5277450403222022,0.5307812208381996
51,scCube,sim1,15_0.8,STAGATE,15,0.8,0.5397379412221619,0.4453679749459384,0.6955120164629727,0.786959706959707,0.4407303470497973,0.4501346195957161,0.4453679749459384
52,scCube,sim1,15_0.8,SpaGCN,15,0.8,0.7547173376407074,0.6901953091984586,0.8325745943981289,0.8915750915750916,0.7070976439973682,0.6740821703388346,0.6901953091984585
53,scCube,sim1,15_0.8,SpatialMGCN,15,0.8,0.3315959192391859,0.446800817680811,0.5717380153676905,0.6461538461538462,0.4185380540777546,0.4791570190493516,0.4468008176808108
54,scCube,sim1,15_0.8,SpaceFlow,15,0.8,0.5769465949905358,0.4787583823490122,0.7113362241814538,0.7898901098901099,0.4881488340525797,0.4697258754099094,0.4787583823490122
55,scCube,sim1,15_0.8,stLearn,15,0.8,0.6522040205996532,0.577014334120905,0.773423856435262,0.8322344322344323,0.5794077048164515,0.5779622160330466,0.577014334120905
56,scCube,sim1,15_1,BASS,15,1.0,0.9293665145709712,0.8690263313962783,0.9515521306600824,0.9663003663003664,0.8667520262097608,0.8713126032626898,0.8690263313962783
57,scCube,sim1,15_1,Banksy,15,1.0,0.6160730505955642,0.6315367305478163,0.7311494792282228,0.7951648351648352,0.6400957501863414,0.6234992082513022,0.6315367305478163
58,scCube,sim1,15_1,BayesSpace,15,1.0,0.2902926745336827,0.4826719321055428,0.5244738204660242,0.7223443223443223,0.4713173743752559,0.4945870828950289,0.4826719321055428
59,scCube,sim1,15_1,CCST,15,1.0,0.8523729344039601,0.7821969386114374,0.8990531726403693,0.9311355311355312,0.7780217182309512,0.7864212000289946,0.7821969386114374
60,scCube,sim1,15_1,CellCharter,15,1.0,0.8684690482750623,0.8653435495445955,0.9074397013264462,0.9365567765567766,0.8669293599465278,0.864045592125992,0.8653435495445955
61,scCube,sim1,15_1,DeepST,15,1.0,0.8802333599757688,0.8124128746906131,0.9179440346778952,0.9390476190476192,0.809526275323082,0.8153227130632932,0.8124128746906131
62,scCube,sim1,15_1,GraphST,15,1.0,0.561084236857351,0.679361195318091,0.6876761092904217,0.8256410256410256,0.7075260772595908,0.6533528182645676,0.6793611953180909
63,scCube,sim1,15_1,PRECAST,15,1.0,0.6312952601827779,0.6347671132591446,0.751412168989247,0.76996336996337,0.6162555863526283,0.6544252065697777,0.6347671132591446
64,scCube,sim1,15_1,SEDR,15,1.0,0.7832581037112938,0.8056845616936548,0.8471182268054145,0.9125274725274723,0.8152203092618212,0.7970854459789208,0.8056845616936548
65,scCube,sim1,15_1,STAGATE,15,1.0,0.8952733735233604,0.8251617477087319,0.9279895746223956,0.9516483516483516,0.8255342006746915,0.8247896306674466,0.8251617477087321
66,scCube,sim1,15_1,SpaGCN,15,1.0,0.8991410237430569,0.8525594856925766,0.9302300512608253,0.953846153846154,0.8596385800786408,0.845596031217416,0.8525594856925766
67,scCube,sim1,15_1,SpatialMGCN,15,1.0,0.569376509873024,0.5890352908091543,0.7200997524579076,0.7208791208791209,0.547941559235132,0.6367925402381132,0.5890352908091543
68,scCube,sim1,15_1,SpaceFlow,15,1.0,0.7900423216768026,0.7687926774880628,0.8544828736031398,0.9128205128205128,0.7731247655754034,0.7645130651634631,0.7687926774880628
69,scCube,sim1,15_1,stLearn,15,1.0,0.8241145823193001,0.7552542702409669,0.8780128968221412,0.9188278388278388,0.7622800581603265,0.7483568571454333,0.7552542702409668
70,scCube,sim1,25_0.2,BASS,25,0.2,0.005531936945397,0.0034301777467384,0.6123981955068633,0.5501831501831502,0.0017625195317718,0.0637325674963989,0.0034301777467384
71,scCube,sim1,25_0.2,Banksy,25,0.2,0.1807873519753469,0.2812292553945906,0.4490083641932703,0.6470329670329671,0.3018735856853899,0.2633536457645705,0.2812292553945906
72,scCube,sim1,25_0.2,BayesSpace,25,0.2,0.0957331328588756,0.2223959290200121,0.4603881782992436,0.6593406593406593,0.2126967699611214,0.23302193333616,0.2223959290200121
73,scCube,sim1,25_0.2,CCST,25,0.2,0.089070994166147,0.0881360875770272,0.3864836004047694,0.5553113553113553,0.0940252503169403,0.0829700918905834,0.0881360875770272
74,scCube,sim1,25_0.2,CellCharter,25,0.2,0.1970639459242508,0.2889057238868489,0.4702831114878593,0.6578754578754579,0.3041479779889716,0.2756137885265751,0.2889057238868489
75,scCube,sim1,25_0.2,DeepST,25,0.2,0.0445271144020707,0.166447178332255,0.4396344650091928,0.5832967032967034,0.1713089654620817,0.363401780280831,0.166447178332255
76,scCube,sim1,25_0.2,GraphST,25,0.2,0.2626091291049855,0.2245684832979456,0.5295764980908885,0.6351648351648351,0.2261712763767058,0.2229882471824031,0.2245684832979456
77,scCube,sim1,25_0.2,PRECAST,25,0.2,0.096495642217967,0.2593658037286789,0.398552850702406,0.6102564102564103,0.2737344775823551,0.2464303581287324,0.2593658037286789
78,scCube,sim1,25_0.2,SEDR,25,0.2,0.3199668972270204,0.2332388844181868,0.6110981105234066,0.6816117216117217,0.2193360832478464,0.2492870049316831,0.2332388844181868
79,scCube,sim1,25_0.2,STAGATE,25,0.2,0.049445300860453,0.0596504226137441,0.4480678906587151,0.5733333333333333,0.0561290561678431,0.065731741084019,0.0596504226137441
80,scCube,sim1,25_0.2,SpaGCN,25,0.2,0.4348502332495726,0.4241160108691407,0.6221208342380206,0.7311355311355311,0.4556153528164405,0.3966904878962168,0.4241160108691407
81,scCube,sim1,25_0.2,SpatialMGCN,25,0.2,0.2617451945200311,0.2590571174947164,0.6098828448956393,0.6813186813186813,0.2226073640405013,0.3097806309385316,0.2590571174947164
82,scCube,sim1,25_0.2,SpaceFlow,25,0.2,0.0431146522084262,0.0386949158268397,0.3572745610506808,0.5494505494505495,0.0411268213080504,0.0365832583683852,0.0386949158268397
83,scCube,sim1,25_0.2,stLearn,25,0.2,0.5333784667559918,0.4595556773359847,0.6926447099250179,0.7775824175824175,0.4875124075065306,0.4346315086973822,0.4595556773359845
84,scCube,sim1,25_0.4,BASS,25,0.4,0.2488369962689583,0.1430364073213061,0.5302470109852915,0.5706959706959707,0.1381645490986464,0.1482643991381742,0.1430364073213061
85,scCube,sim1,25_0.4,Banksy,25,0.4,0.2238143440912289,0.325905329055648,0.4671312199996785,0.6712087912087912,0.3484591183855137,0.3061606283478191,0.325905329055648
86,scCube,sim1,25_0.4,BayesSpace,25,0.4,0.1282083297380523,0.1984204535398985,0.4534616942030934,0.6329670329670329,0.1937557208128165,0.2033153371761845,0.1984204535398985
87,scCube,sim1,25_0.4,CCST,25,0.4,0.2299807089738735,0.1588351284598216,0.5238449796328686,0.5752380952380952,0.1459759526641968,0.1742018640567861,0.1588351284598216
88,scCube,sim1,25_0.4,CellCharter,25,0.4,0.2311941073935392,0.2314630763965753,0.4990967032359866,0.6301831501831502,0.2325304360978117,0.2311309405992271,0.2314630763965753
89,scCube,sim1,25_0.4,DeepST,25,0.4,0.1965338425149436,0.2571925078999016,0.4539049620081276,0.6416117216117216,0.2712685663854906,0.2445600323536551,0.2571925078999016
90,scCube,sim1,25_0.4,GraphST,25,0.4,0.1269334616230509,0.1777754533924808,0.4184839887136156,0.5831501831501832,0.1814958382735356,0.1742045291086396,0.1777754533924807
91,scCube,sim1,25_0.4,PRECAST,25,0.4,0.1465503565869082,0.2779319348782847,0.4191483380350018,0.6212454212454213,0.2924223499272358,0.2648098052332148,0.2779319348782846
92,scCube,sim1,25_0.4,SEDR,25,0.4,0.1542129097773194,0.1637771895682096,0.47521224708922,0.6095238095238095,0.1585497594855447,0.1697839630825577,0.1637771895682096
93,scCube,sim1,25_0.4,STAGATE,25,0.4,0.0580512018210242,0.1210322473787074,0.4332430126681801,0.5875457875457876,0.1144854634292377,0.1291782617414704,0.1210322473787074
94,scCube,sim1,25_0.4,SpaGCN,25,0.4,0.5482937662673021,0.50853472658755,0.6973440382333866,0.7926739926739926,0.5342983637755897,0.4851414162562328,0.50853472658755
95,scCube,sim1,25_0.4,SpatialMGCN,25,0.4,0.1440365458268782,0.2517588011018914,0.4676279854552504,0.6586080586080586,0.2445137413005531,0.2594463204068885,0.2517588011018913
96,scCube,sim1,25_0.4,SpaceFlow,25,0.4,0.2211694041799928,0.1534949248305979,0.4832497622633538,0.5913553113553114,0.1583516645219794,0.1489519121655974,0.1534949248305979
97,scCube,sim1,25_0.4,stLearn,25,0.4,0.5241754464541075,0.4691687979170409,0.6811444228005732,0.7775824175824176,0.4905795447394033,0.449571139670469,0.4691687979170409
98,scCube,sim1,25_0.6,BASS,25,0.6,0.4616659067117076,0.3565322895251091,0.6407241458032743,0.7494505494505495,0.3629081954261027,0.3503765511098655,0.3565322895251091
99,scCube,sim1,25_0.6,Banksy,25,0.6,0.2963092966861859,0.2448504097779544,0.5245526347510923,0.6627106227106226,0.2499116962261454,0.2400612288833733,0.2448504097779544
100,scCube,sim1,25_0.6,BayesSpace,25,0.6,0.1886537405964237,0.2903238590649877,0.4681564778460549,0.6857142857142857,0.2893503573352191,0.2913039334832327,0.2903238590649877
101,scCube,sim1,25_0.6,CCST,25,0.6,0.3835814682917757,0.3065683765204111,0.5826992380333504,0.7031501831501832,0.3155909804115118,0.2980513069653879,0.3065683765204111
102,scCube,sim1,25_0.6,CellCharter,25,0.6,0.3337269778510151,0.3078996146068531,0.5475624854786172,0.661098901098901,0.3162393479466,0.3001584983874099,0.3078996146068531
103,scCube,sim1,25_0.6,DeepST,25,0.6,0.2971619050916317,0.2758994361918331,0.5789116287322352,0.660952380952381,0.2803694889604856,0.4716845219554482,0.2758994361918331
104,scCube,sim1,25_0.6,GraphST,25,0.6,0.1360671424997092,0.2487443655217292,0.4424391973221702,0.638095238095238,0.2450509331759748,0.2525508371759432,0.2487443655217292
105,scCube,sim1,25_0.6,PRECAST,25,0.6,0.2043570533120897,0.3276255546055729,0.4550040357978725,0.6527472527472528,0.3393647847762641,0.3166713312655286,0.3276255546055729
106,scCube,sim1,25_0.6,SEDR,25,0.6,0.2999741532810768,0.3397845838798438,0.5364579237576917,0.6792673992673992,0.3428963893534232,0.3370969004513151,0.3397845838798438
107,scCube,sim1,25_0.6,STAGATE,25,0.6,0.2464487496632321,0.1889067962318736,0.5668812170584836,0.6397069597069598,0.1683956121668378,0.2154321415905867,0.1889067962318736
108,scCube,sim1,25_0.6,SpaGCN,25,0.6,0.6272915309338124,0.5411176729317381,0.7476665089227216,0.8227106227106227,0.5613341785116552,0.5223067442311645,0.541117672931738
109,scCube,sim1,25_0.6,SpatialMGCN,25,0.6,0.3845988658529229,0.4484608008678014,0.6120345069367003,0.6659340659340659,0.4192291823210857,0.4820744340845119,0.4484608008678014
110,scCube,sim1,25_0.6,SpaceFlow,25,0.6,0.2778386844760675,0.2600330732530992,0.5012320233001557,0.6331135531135531,0.2729442547802002,0.2482884736954042,0.2600330732530993
111,scCube,sim1,25_0.6,stLearn,25,0.6,0.5939495541894034,0.5096248121732688,0.7331983271448962,0.798974358974359,0.5181279825935652,0.5030738249893582,0.5096248121732688
112,scCube,sim1,25_0.8,BASS,25,0.8,0.6741346136625732,0.5764671198499925,0.7798178967206286,0.8615384615384617,0.5813421512155948,0.5716731708256174,0.5764671198499927
113,scCube,sim1,25_0.8,Banksy,25,0.8,0.3428278763168535,0.378475926669597,0.5378922768057723,0.7095970695970697,0.3971240158043957,0.3615197256597222,0.3784759266695969
114,scCube,sim1,25_0.8,BayesSpace,25,0.8,0.214975696596826,0.3669402859000377,0.4906989289874167,0.6989010989010989,0.3560760247518308,0.3784883717769521,0.3669402859000377
115,scCube,sim1,25_0.8,CCST,25,0.8,0.6140090572009179,0.5149318830981671,0.7388674186180817,0.8284249084249085,0.5197469051816922,0.5102056266737061,0.5149318830981671
116,scCube,sim1,25_0.8,CellCharter,25,0.8,0.5649597356217995,0.5189389813990853,0.7009707491903333,0.8068864468864468,0.5287070739539688,0.5097754990838383,0.5189389813990853
117,scCube,sim1,25_0.8,DeepST,25,0.8,0.3937771135365152,0.4590178116038174,0.577189924098485,0.7195604395604396,0.4771977752143739,0.4421807453817677,0.4590178116038174
118,scCube,sim1,25_0.8,GraphST,25,0.8,0.3849329371028079,0.4574976429440481,0.5659611087086857,0.7523809523809524,0.4832152658073479,0.4343791687719108,0.4574976429440481
119,scCube,sim1,25_0.8,PRECAST,25,0.8,0.2505716281595859,0.4148608718444252,0.4840922933586545,0.6791208791208792,0.4241749445346638,0.4059470489719764,0.4148608718444252
120,scCube,sim1,25_0.8,SEDR,25,0.8,0.6210989289243983,0.5115261150774227,0.7443541494435517,0.8273992673992675,0.5147448592638504,0.5083493563846209,0.5115261150774227
121,scCube,sim1,25_0.8,STAGATE,25,0.8,0.648513732018814,0.5498148164018881,0.7606168959814258,0.8454212454212454,0.5600693525363021,0.5399290374365875,0.549814816401888
122,scCube,sim1,25_0.8,SpaGCN,25,0.8,0.7253826270065548,0.6705139832483745,0.8123042051486541,0.8813186813186814,0.6874289558796384,0.6544114441102802,0.6705139832483746
123,scCube,sim1,25_0.8,SpatialMGCN,25,0.8,0.3370161734530587,0.4551000391796551,0.5690369899412827,0.6578754578754579,0.4349761047187502,0.4771763449536234,0.4551000391796551
124,scCube,sim1,25_0.8,SpaceFlow,25,0.8,0.6390904220029876,0.5403467283738093,0.7551914384376527,0.8438095238095238,0.5471512469310539,0.5337097482128539,0.5403467283738094
125,scCube,sim1,25_0.8,stLearn,25,0.8,0.7243174969109176,0.6403548477090731,0.8119005635301202,0.874871794871795,0.654616814642246,0.626701173126105,0.6403548477090731
126,scCube,sim1,25_1,BASS,25,1.0,0.937409063247302,0.8786343741025539,0.9568640408678024,0.9677655677655675,0.8770021864645633,0.8802726483930206,0.8786343741025536
127,scCube,sim1,25_1,Banksy,25,1.0,0.5423091893477318,0.6257208211953194,0.6757347277863432,0.7723076923076923,0.6394649166600321,0.6134980182014192,0.6257208211953194
128,scCube,sim1,25_1,BayesSpace,25,1.0,0.3003914794994957,0.4881654495984499,0.5280775991222582,0.7201465201465201,0.4768933557491007,0.4999833093315565,0.4881654495984499
129,scCube,sim1,25_1,CCST,25,1.0,0.8899465396232487,0.8209571358935459,0.9242735836306976,0.9488644688644688,0.8183959428907549,0.8235371329673873,0.8209571358935459
130,scCube,sim1,25_1,CellCharter,25,1.0,0.6817881937710328,0.7796858626618364,0.7741902544050626,0.8707692307692309,0.7992761826759278,0.7613431156941228,0.7796858626618363
131,scCube,sim1,25_1,DeepST,25,1.0,0.4392290918382892,0.527091140006168,0.6811363858051495,0.6807326007326008,0.4713362333768542,0.8334852231499085,0.527091140006168
132,scCube,sim1,25_1,GraphST,25,1.0,0.5348830227224735,0.6640529167780775,0.6687561323748098,0.8146520146520146,0.6877014779236129,0.6419767304509535,0.6640529167780775
133,scCube,sim1,25_1,PRECAST,25,1.0,0.3779772772550166,0.5307684392463619,0.5629431083390196,0.7274725274725274,0.5380093095213212,0.5237198851018012,0.530768439246362
134,scCube,sim1,25_1,SEDR,25,1.0,0.8767065536513554,0.8435216221195481,0.9151387457385466,0.9169230769230768,0.8416829582952751,0.845374617108859,0.8435216221195478
135,scCube,sim1,25_1,STAGATE,25,1.0,0.9358592594755248,0.8804532664671267,0.9557043226873944,0.9701098901098902,0.8808564835485567,0.8800504189037237,0.8804532664671267
136,scCube,sim1,25_1,SpaGCN,25,1.0,0.8568914972031344,0.8065397238487613,0.9004293971768578,0.9333333333333332,0.8149971445832376,0.798256029676727,0.8065397238487615
137,scCube,sim1,25_1,SpatialMGCN,25,1.0,0.4249380285283452,0.5137897741778268,0.6223786408431956,0.6864468864468865,0.4818166248985561,0.5503079811504525,0.5137897741778268
138,scCube,sim1,25_1,SpaceFlow,25,1.0,0.7973876743269477,0.7680674117811429,0.8589876726371493,0.9071062271062272,0.7723967876825308,0.7638098257196656,0.768067411781143
139,scCube,sim1,25_1,stLearn,25,1.0,0.8039574640030214,0.7246237485337135,0.8638900371208686,0.9018315018315018,0.7284527900233937,0.7208361506921106,0.7246237485337135
140,scCube,sim1,35_0.2,BASS,35,0.2,0.0801670988189481,0.1062227700576689,0.3634074464094398,0.5677655677655677,0.1162095658205481,0.097816623504609,0.1062227700576689
141,scCube,sim1,35_0.2,Banksy,35,0.2,0.1392581013737432,0.219479991331954,0.4368536262165858,0.5995604395604396,0.2286781879801327,0.2110290596957235,0.219479991331954
142,scCube,sim1,35_0.2,BayesSpace,35,0.2,0.098621279359227,0.2229759120578914,0.4615911124944542,0.6586080586080586,0.2132819006156693,0.2335931007895235,0.2229759120578914
143,scCube,sim1,35_0.2,CCST,35,0.2,0.0609418361773998,0.0600892112531781,0.3601940066368204,0.5465201465201465,0.0647769935867631,0.0560397409031579,0.0600892112531781
144,scCube,sim1,35_0.2,CellCharter,35,0.2,0.2633146614303408,0.285181304860751,0.5194095409965963,0.6634432234432235,0.2981462952490775,0.2735529095226126,0.2851813048607511
145,scCube,sim1,35_0.2,DeepST,35,0.2,0.1727063911671832,0.1396289931004063,0.5320259164947363,0.5976556776556776,0.1350882005141746,0.3445238878623807,0.1396289931004063
146,scCube,sim1,35_0.2,GraphST,35,0.2,0.0630907732456727,0.1234922967158425,0.4282157112808217,0.5736263736263736,0.1201317481060537,0.1270462712218708,0.1234922967158425
147,scCube,sim1,35_0.2,PRECAST,35,0.2,0.0970308090322643,0.2358156323365114,0.3957297140041348,0.5992673992673992,0.2494274409262972,0.223612597026195,0.2358156323365114
148,scCube,sim1,35_0.2,SEDR,35,0.2,0.1195146169112326,0.1956697103532519,0.4639869687791949,0.6464468864468864,0.191096023339893,0.2009424293571474,0.1956697103532519
149,scCube,sim1,35_0.2,STAGATE,35,0.2,0.0446561862385617,0.037769554811918,0.4832514823161942,0.5679120879120878,0.0322984540625747,0.0472884685273676,0.037769554811918
150,scCube,sim1,35_0.2,SpaGCN,35,0.2,0.4510594398167445,0.3986004608808823,0.6346037130246674,0.7230769230769231,0.4250475279176856,0.3752517580888146,0.3986004608808824
151,scCube,sim1,35_0.2,SpatialMGCN,35,0.2,0.2245695279589687,0.3479095936937273,0.527185945464658,0.613919413919414,0.3291255492913926,0.3689675223078114,0.3479095936937273
152,scCube,sim1,35_0.2,SpaceFlow,35,0.2,0.017106022762524,0.033287573874222,0.3208795680635686,0.5465201465201465,0.0362923379059786,0.0307426747831854,0.033287573874222
153,scCube,sim1,35_0.2,stLearn,35,0.2,0.4993888417468755,0.4033721799383579,0.669870425133744,0.7506227106227106,0.4259334120174888,0.3830900973150182,0.4033721799383579
154,scCube,sim1,35_0.4,BASS,35,0.4,0.1627202998886011,0.1193408523761394,0.5587865949506552,0.5728937728937729,0.0990399863354814,0.150109835420331,0.1193408523761394
155,scCube,sim1,35_0.4,Banksy,35,0.4,0.2038953200815548,0.3091823966247355,0.4571750291630504,0.665054945054945,0.3300604292306496,0.29083870660792,0.3091823966247355
156,scCube,sim1,35_0.4,BayesSpace,35,0.4,0.1196706945445443,0.2315846892542278,0.454563692252741,0.6622710622710622,0.2251468388785787,0.2384015447886765,0.2315846892542278
157,scCube,sim1,35_0.4,CCST,35,0.4,0.2167006152466638,0.1614983055137475,0.488656573896618,0.5983882783882783,0.1650560822611705,0.1581544610347007,0.1614983055137476
158,scCube,sim1,35_0.4,CellCharter,35,0.4,0.2488959749973343,0.221730723528127,0.5013913813654861,0.6361904761904762,0.2314777578240802,0.2129975168708567,0.221730723528127
159,scCube,sim1,35_0.4,DeepST,35,0.4,0.0231813657089623,0.0563273069958747,0.5650392537899971,0.5561904761904761,0.0585661481035573,0.8542533342508205,0.0563273069958747
160,scCube,sim1,35_0.4,GraphST,35,0.4,0.1287875447815494,0.2187441547672524,0.4147158383519727,0.621978021978022,0.2295478883341891,0.2089116703898335,0.2187441547672525
161,scCube,sim1,35_0.4,PRECAST,35,0.4,0.133380229627514,0.2607380273865531,0.4122761446223818,0.6183150183150183,0.2752352822742372,0.2476915615703155,0.2607380273865531
162,scCube,sim1,35_0.4,SEDR,35,0.4,0.2446430096791772,0.2616575154142432,0.5267483116465927,0.6707692307692308,0.2605308047532709,0.2634592840997608,0.2616575154142433
163,scCube,sim1,35_0.4,STAGATE,35,0.4,0.0950536865396924,0.0796638461040919,0.4445413025178433,0.5859340659340659,0.0760680803432071,0.0844129880073812,0.0796638461040919
164,scCube,sim1,35_0.4,SpaGCN,35,0.4,0.533167464343087,0.4846765241441317,0.6894826509161069,0.7860805860805861,0.5079033197455496,0.4634811856878529,0.4846765241441318
165,scCube,sim1,35_0.4,SpatialMGCN,35,0.4,0.0472402244641138,0.3044469886829329,0.3962416048248922,0.6153846153846154,0.3021394437236904,0.3067900519693505,0.3044469886829329
166,scCube,sim1,35_0.4,SpaceFlow,35,0.4,0.2021201093505535,0.1408163873860433,0.4744323848695845,0.5895970695970696,0.1454643328195207,0.1364861246108945,0.1408163873860433
167,scCube,sim1,35_0.4,stLearn,35,0.4,0.5553498217814241,0.4825621626887392,0.7036602423499783,0.7906227106227106,0.508134971251447,0.4594418731109727,0.4825621626887392
168,scCube,sim1,35_0.6,BASS,35,0.6,0.4079370359282047,0.3208764946408222,0.6051380757247821,0.7245421245421245,0.3250644080825732,0.316795117237538,0.3208764946408222
169,scCube,sim1,35_0.6,Banksy,35,0.6,0.184358291666153,0.2190179683833739,0.4292325538400839,0.6224175824175824,0.2318299043808556,0.2075726873769947,0.2190179683833739
170,scCube,sim1,35_0.6,BayesSpace,35,0.6,0.1547418909153547,0.2675220550758442,0.4544562312179213,0.663003663003663,0.2616461750850021,0.2736679114191324,0.2675220550758442
171,scCube,sim1,35_0.6,CCST,35,0.6,0.3759513283541895,0.2949363762019489,0.5805770361133413,0.6993406593406594,0.3006568974584723,0.2894446945117138,0.2949363762019489
172,scCube,sim1,35_0.6,CellCharter,35,0.6,0.2953388825931063,0.2814522378060022,0.5189403297654333,0.6625641025641025,0.2893080962832909,0.2742168678729201,0.2814522378060023
173,scCube,sim1,35_0.6,DeepST,35,0.6,0.3438292778357992,0.3234832757570596,0.5541470347409879,0.6904029304029304,0.3319426330802154,0.315656737593668,0.3234832757570595
174,scCube,sim1,35_0.6,GraphST,35,0.6,0.118793185609966,0.2993369125619031,0.4135448659741289,0.6153846153846154,0.3024118641686243,0.2963238642969656,0.2993369125619031
175,scCube,sim1,35_0.6,PRECAST,35,0.6,0.178995354244874,0.3039441595748502,0.4381386871216759,0.638095238095238,0.313818292272273,0.2946724413240147,0.3039441595748502
176,scCube,sim1,35_0.6,SEDR,35,0.6,0.3047229546693403,0.286948693310328,0.5498918616860894,0.6760439560439561,0.2810807009688884,0.293859713376172,0.286948693310328
177,scCube,sim1,35_0.6,STAGATE,35,0.6,0.2081623677126147,0.1943761825095012,0.4873649410073219,0.621978021978022,0.1931296332656072,0.1966601964981366,0.1943761825095012
178,scCube,sim1,35_0.6,SpaGCN,35,0.6,0.5867913954101123,0.5229878094799287,0.7184749412540676,0.8087912087912088,0.5441019209974832,0.5034511680960221,0.5229878094799287
179,scCube,sim1,35_0.6,SpatialMGCN,35,0.6,0.2736530495376027,0.3864985803427864,0.548975874523033,0.6168498168498169,0.3535863278799544,0.4261667039234703,0.3864985803427864
180,scCube,sim1,35_0.6,SpaceFlow,35,0.6,0.4041281068417509,0.3205573376505667,0.6022489425578186,0.7241025641025641,0.3249932767953604,0.3162411340202481,0.3205573376505667
181,scCube,sim1,35_0.6,stLearn,35,0.6,0.6236759799977032,0.5343972802472259,0.7446590337129038,0.8219780219780219,0.553791450289724,0.5163156458539999,0.5343972802472259
182,scCube,sim1,35_0.8,BASS,35,0.8,0.6935343402666914,0.585035671254626,0.7915533590555524,0.8659340659340661,0.5883521780779266,0.5817563447580512,0.5850356712546261
183,scCube,sim1,35_0.8,Banksy,35,0.8,0.3982290007024459,0.3957817866444314,0.5829114217990938,0.7148717948717949,0.4018021595647836,0.3900263166044674,0.3957817866444314
184,scCube,sim1,35_0.8,BayesSpace,35,0.8,0.3813097821786599,0.5029050829317138,0.5657537480398348,0.7531135531135531,0.5219161948936571,0.4852302776174435,0.5029050829317138
185,scCube,sim1,35_0.8,CCST,35,0.8,0.6184675696155815,0.521654577044117,0.7398239171277248,0.8287179487179486,0.5257927525874296,0.5175832761990302,0.521654577044117
186,scCube,sim1,35_0.8,CellCharter,35,0.8,0.4821538984968586,0.4825323574570564,0.6378495672196325,0.772014652014652,0.4950906168717687,0.4708642486943638,0.4825323574570564
187,scCube,sim1,35_0.8,DeepST,35,0.8,0.5745166861964226,0.5237823729101966,0.7075671035905758,0.8074725274725274,0.5293283685204757,0.5186000648048903,0.5237823729101966
188,scCube,sim1,35_0.8,GraphST,35,0.8,0.3935072466647428,0.4687705100257761,0.5720226384405931,0.7501831501831502,0.4893936669591375,0.4498151984730906,0.4687705100257762
189,scCube,sim1,35_0.8,PRECAST,35,0.8,0.2532852441667069,0.4130713253387377,0.4835796814864602,0.676923076923077,0.4205047581179128,0.4058961351004618,0.4130713253387378
190,scCube,sim1,35_0.8,SEDR,35,0.8,0.5612484933493297,0.4675337084705281,0.7032333835424274,0.770989010989011,0.4663268630891303,0.4688495963162101,0.467533708470528
191,scCube,sim1,35_0.8,STAGATE,35,0.8,0.645885737836646,0.5420742335987179,0.7608251624872804,0.8468864468864469,0.5419614838042207,0.5421875604422951,0.5420742335987179
192,scCube,sim1,35_0.8,SpaGCN,35,0.8,0.7703026112467783,0.69061265929136,0.8423647580774316,0.8923076923076924,0.7029166572877692,0.678731994613353,0.69061265929136
193,scCube,sim1,35_0.8,SpatialMGCN,35,0.8,0.5508983859648373,0.5614740953075625,0.709494873256437,0.7282051282051282,0.5276713577820219,0.5999040758582915,0.5614740953075625
194,scCube,sim1,35_0.8,SpaceFlow,35,0.8,0.556745418387831,0.494349476270255,0.6954166801266256,0.8063003663003663,0.5005855630265321,0.4882683465466133,0.4943494762702551
195,scCube,sim1,35_0.8,stLearn,35,0.8,0.7374063824708084,0.6354420928570917,0.8199245320698747,0.8744322344322345,0.6453932675573075,0.625793235552076,0.6354420928570917
196,scCube,sim1,35_1,BASS,35,1.0,0.9373113656001144,0.8818695278526996,0.9567647574349258,0.9706959706959708,0.8811328226547592,0.8826074659832661,0.8818695278526996
197,scCube,sim1,35_1,Banksy,35,1.0,0.5224034318835191,0.6225784130291738,0.6614450485609177,0.7912087912087913,0.6384510174528968,0.6075296857682181,0.6225784130291738
198,scCube,sim1,35_1,BayesSpace,35,1.0,0.5097214843295536,0.6533243418723741,0.6526724136000464,0.8073260073260073,0.671162798114892,0.6364095719630922,0.6533243418723741
199,scCube,sim1,35_1,CCST,35,1.0,0.8747237184081811,0.807698014436521,0.9137508226693032,0.9425641025641026,0.8057567031228855,0.809656692552022,0.807698014436521
200,scCube,sim1,35_1,CellCharter,35,1.0,0.8816215038756919,0.889734826949647,0.9170653961940244,0.9497435897435896,0.8908822416942002,0.8886920479076366,0.889734826949647
201,scCube,sim1,35_1,DeepST,35,1.0,0.914029272072505,0.850217771208996,0.9409479897901049,0.9556043956043956,0.8464095681224351,0.8540609741511627,0.850217771208996
202,scCube,sim1,35_1,GraphST,35,1.0,0.5687144535076971,0.696446524150062,0.6925010529438562,0.8293040293040294,0.723538316228159,0.6713103296156313,0.696446524150062
203,scCube,sim1,35_1,PRECAST,35,1.0,0.3766673186272895,0.5279507874194127,0.5615862657662667,0.7267399267399267,0.535860464569543,0.5202712185000192,0.5279507874194127
204,scCube,sim1,35_1,SEDR,35,1.0,0.8273895111299462,0.820705175445325,0.8795062927790361,0.9156043956043955,0.8235534479583799,0.8180366583572416,0.820705175445325
205,scCube,sim1,35_1,STAGATE,35,1.0,0.9408426560948768,0.8902414613986764,0.959122557062315,0.9731868131868132,0.891157502523374,0.8893273049626552,0.8902414613986764
206,scCube,sim1,35_1,SpaGCN,35,1.0,0.8554488869935538,0.7885438432006355,0.8995376544062246,0.9333333333333332,0.7946313550479703,0.7825488926804369,0.7885438432006354
207,scCube,sim1,35_1,SpatialMGCN,35,1.0,0.4255161461536366,0.521983211024867,0.6197403617785483,0.6908424908424908,0.4941681706742881,0.5531162369078569,0.521983211024867
208,scCube,sim1,35_1,SpaceFlow,35,1.0,0.8211403075807319,0.7931132044794929,0.8756027141660947,0.9265934065934064,0.7970570791845762,0.7892274813103359,0.793113204479493
209,scCube,sim1,35_1,stLearn,35,1.0,0.7901248610917504,0.7157193420514165,0.8539553087187824,0.9010989010989012,0.7211072796059763,0.7104122194797359,0.7157193420514165
210,scCube,sim1,45_0.2,BASS,45,0.2,0.1141880757601811,0.0593542643450366,0.4625962368588892,0.5443223443223443,0.055433928914785,0.0638712978056945,0.0593542643450366
211,scCube,sim1,45_0.2,Banksy,45,0.2,0.1220432135304804,0.2507115261776798,0.4297757457593888,0.5998534798534798,0.2577154629192649,0.2445052968450226,0.2507115261776798
212,scCube,sim1,45_0.2,BayesSpace,45,0.2,0.0907629278428557,0.229893303866693,0.4515978182992755,0.654945054945055,0.2198182728133873,0.2409362445400966,0.2298933038666929
213,scCube,sim1,45_0.2,CCST,45,0.2,0.0979274505267837,0.0785468670635081,0.3964551649108309,0.5450549450549451,0.0822631942636017,0.0752414598821996,0.0785468670635081
214,scCube,sim1,45_0.2,CellCharter,45,0.2,0.1890624419540467,0.2546030953289979,0.4533531388070887,0.6331135531135532,0.2697418980527866,0.2411887371464711,0.2546030953289979
215,scCube,sim1,45_0.2,DeepST,45,0.2,0.0995687700978495,0.1899929571450335,0.4495710465379633,0.619047619047619,0.2016191209728649,0.3796699179426372,0.1899929571450335
216,scCube,sim1,45_0.2,GraphST,45,0.2,0.1183794728827244,0.1468155365793519,0.4222434694832481,0.5831501831501832,0.1504020120944363,0.1433961229897397,0.1468155365793519
217,scCube,sim1,45_0.2,PRECAST,45,0.2,0.1170573869976405,0.2477387501042814,0.4056467201648573,0.608058608058608,0.2612152959711058,0.2355845390202117,0.2477387501042815
218,scCube,sim1,45_0.2,SEDR,45,0.2,0.1415605473301021,0.1876137197776145,0.5072430673277556,0.6386813186813187,0.1740843275866013,0.2037973707200672,0.1876137197776145
219,scCube,sim1,45_0.2,STAGATE,45,0.2,0.0466281346394771,0.0675038352380273,0.4059024139557035,0.5605860805860805,0.0664766806462371,0.069058535111523,0.0675038352380273
220,scCube,sim1,45_0.2,SpaGCN,45,0.2,0.3528102982767293,0.3034358831638457,0.5644114869738808,0.6879120879120879,0.3236033707547354,0.285634666860092,0.3034358831638456
221,scCube,sim1,45_0.2,SpatialMGCN,45,0.2,0.2218781106697008,0.3689499312572745,0.5305816147810801,0.6227106227106227,0.3407939597958458,0.4021773192356801,0.3689499312572746
222,scCube,sim1,45_0.2,SpaceFlow,45,0.2,0.0437787142983073,0.0453238092528139,0.3486160102469948,0.5421245421245421,0.0484758073734107,0.0425618252139989,0.0453238092528139
223,scCube,sim1,45_0.2,stLearn,45,0.2,0.5494875492873974,0.4674962234651953,0.7013292857119098,0.7816849816849817,0.4942779680319403,0.4434675786808209,0.4674962234651953
224,scCube,sim1,45_0.4,BASS,45,0.4,0.2635597922396712,0.1715965547952265,0.5362392687198609,0.6307692307692307,0.1696745177562411,0.1735626356106549,0.1715965547952266
225,scCube,sim1,45_0.4,Banksy,45,0.4,0.1589876751237488,0.2579509726481155,0.4421326808440355,0.6118681318681318,0.2674392649051145,0.2493304131226175,0.2579509726481156
226,scCube,sim1,45_0.4,BayesSpace,45,0.4,0.1092620896887115,0.229132737182981,0.4536292356326081,0.6534798534798535,0.2200889939103378,0.238951568188083,0.229132737182981
227,scCube,sim1,45_0.4,CCST,45,0.4,0.2101050403246607,0.1759013905581462,0.4681710158325146,0.6008791208791209,0.1837275659486541,0.1688543022304477,0.1759013905581462
228,scCube,sim1,45_0.4,CellCharter,45,0.4,0.2025057130878875,0.1824498975980568,0.4666890625741987,0.6016117216117216,0.188584713287134,0.1768258777421628,0.1824498975980568
229,scCube,sim1,45_0.4,DeepST,45,0.4,0.1405773159588038,0.1948166989898801,0.4766042103578384,0.6098168498168498,0.2042503374342449,0.3863102728900812,0.1948166989898801
230,scCube,sim1,45_0.4,GraphST,45,0.4,0.0734550371448224,0.2560521736058673,0.3919565436779894,0.6029304029304029,0.2621972757376788,0.2501885199766009,0.2560521736058673
231,scCube,sim1,45_0.4,PRECAST,45,0.4,0.1088201294766979,0.2474786913123877,0.3966532023069623,0.5904761904761905,0.2594271716170548,0.2365823774830843,0.2474786913123877
232,scCube,sim1,45_0.4,SEDR,45,0.4,0.1841080845244081,0.2201910177516427,0.4911822726547571,0.64996336996337,0.2155359867571997,0.225546150709624,0.2201910177516427
233,scCube,sim1,45_0.4,STAGATE,45,0.4,0.1348094693725005,0.1046203176971965,0.5015257551798843,0.5812454212454213,0.0950648436044894,0.1172966866783917,0.1046203176971965
234,scCube,sim1,45_0.4,SpaGCN,45,0.4,0.4863107900651126,0.4565053775366491,0.6534667667576143,0.7575091575091575,0.483271577287227,0.4325484969437568,0.4565053775366491
235,scCube,sim1,45_0.4,SpatialMGCN,45,0.4,0.1372083044123411,0.244621885376681,0.4560340601552886,0.6490842490842491,0.2404950878003814,0.2488927839930956,0.244621885376681
236,scCube,sim1,45_0.4,SpaceFlow,45,0.4,0.224779339761163,0.1598178662736612,0.4898500491432237,0.593992673992674,0.1634420236509859,0.1565597142060854,0.1598178662736612
237,scCube,sim1,45_0.4,stLearn,45,0.4,0.5744554727536089,0.5069279831178137,0.7160933007446605,0.7983882783882784,0.5314464190295971,0.4845721453256718,0.5069279831178137
238,scCube,sim1,45_0.6,BASS,45,0.6,0.4512139215324212,0.3255339953903596,0.6366850932736985,0.734065934065934,0.3269291633619298,0.3241506845581063,0.3255339953903596
239,scCube,sim1,45_0.6,Banksy,45,0.6,0.2755366070919834,0.2560949861320341,0.5086413847636159,0.6649084249084249,0.2613922487593988,0.2510421124462348,0.2560949861320341
240,scCube,sim1,45_0.6,BayesSpace,45,0.6,0.1201790740717786,0.2564298152601877,0.4428501634275407,0.6461538461538462,0.2462512655682342,0.2674860849669001,0.2564298152601877
241,scCube,sim1,45_0.6,CCST,45,0.6,0.4019885112490883,0.3016803153991478,0.5983841846250548,0.7044688644688645,0.3067451239650844,0.2968330032293477,0.3016803153991478
242,scCube,sim1,45_0.6,CellCharter,45,0.6,0.337655535251035,0.2999260286213996,0.553543939481254,0.6663736263736264,0.3036903060059573,0.2968555193150498,0.2999260286213996
243,scCube,sim1,45_0.6,DeepST,45,0.6,0.2090768196419818,0.1979205371706835,0.566078534739721,0.6096703296703296,0.203164824004045,0.5931095156280196,0.1979205371706835
244,scCube,sim1,45_0.6,GraphST,45,0.6,0.2291575326275993,0.3347548838521701,0.4681944626924385,0.6761904761904762,0.3486933687980563,0.3218879063349936,0.3347548838521701
245,scCube,sim1,45_0.6,PRECAST,45,0.6,0.188450936370324,0.3061046760936623,0.4433472988080071,0.6476190476190476,0.3157129185663963,0.2970639855325223,0.3061046760936623
246,scCube,sim1,45_0.6,SEDR,45,0.6,0.3572309953415483,0.3326377686688586,0.5723214812636852,0.6861538461538461,0.3331729779682019,0.3321432818475459,0.3326377686688586
247,scCube,sim1,45_0.6,STAGATE,45,0.6,0.1912670640843237,0.1941020616527259,0.4853355992107543,0.6131868131868131,0.187037511362706,0.2025514020272774,0.1941020616527259
248,scCube,sim1,45_0.6,SpaGCN,45,0.6,0.599740095012068,0.5294418700962533,0.7270092665154522,0.8117216117216117,0.5496766966758064,0.5106439269275349,0.5294418700962532
249,scCube,sim1,45_0.6,SpatialMGCN,45,0.6,0.2929585677824762,0.4234693015653988,0.5533026263974455,0.6336996336996337,0.3962216298398916,0.4547412985752982,0.4234693015653988
250,scCube,sim1,45_0.6,SpaceFlow,45,0.6,0.4095421181040983,0.3110573483092415,0.6057307939895777,0.7185347985347985,0.3137303903526259,0.3084302622359645,0.3110573483092415
251,scCube,sim1,45_0.6,stLearn,45,0.6,0.6206148598450898,0.538298081394851,0.7421480792687701,0.8216849816849816,0.5565319240498195,0.5212214182520851,0.538298081394851
252,scCube,sim1,45_0.8,BASS,45,0.8,0.6738326049724271,0.5614004926940093,0.7806326452503582,0.8542124542124542,0.5573591974991337,0.5655008211021032,0.5614004926940094
253,scCube,sim1,45_0.8,Banksy,45,0.8,0.4703694614329337,0.4528779145784941,0.629681178251434,0.7652747252747252,0.4640522547302367,0.4425290084441121,0.4528779145784941
254,scCube,sim1,45_0.8,BayesSpace,45,0.8,0.22036270344364,0.37744197206929,0.4945725818794836,0.693040293040293,0.3620244241030422,0.3942311072812435,0.37744197206929
255,scCube,sim1,45_0.8,CCST,45,0.8,0.6269442908776399,0.5183275654220906,0.7466739358078346,0.8291575091575092,0.5191455000322385,0.5175214250341689,0.5183275654220905
256,scCube,sim1,45_0.8,CellCharter,45,0.8,0.4581121245849007,0.460165650029639,0.6197326672590739,0.7515018315018315,0.4746926539556002,0.4467020912735675,0.4601656500296391
257,scCube,sim1,45_0.8,DeepST,45,0.8,0.4080414861630174,0.3960037049486789,0.6425365650888726,0.7154578754578755,0.4017046939742364,0.5906061681451302,0.396003704948679
258,scCube,sim1,45_0.8,GraphST,45,0.8,0.3777841361855771,0.4683072556375618,0.5608158119128988,0.7553113553113553,0.4879998180444732,0.4501423782189707,0.4683072556375618
259,scCube,sim1,45_0.8,PRECAST,45,0.8,0.2653108191770514,0.414202143685389,0.4918837559769688,0.6791208791208792,0.4202472513915246,0.4083284832332278,0.4142021436853889
260,scCube,sim1,45_0.8,SEDR,45,0.8,0.6069185717951278,0.5008769802668589,0.7337799572265471,0.8187545787545787,0.4995565616685783,0.5022225628318511,0.5008769802668589
261,scCube,sim1,45_0.8,STAGATE,45,0.8,0.5937963859389909,0.5050649499475357,0.721686758340793,0.8063003663003663,0.510419630307519,0.4998240585226184,0.5050649499475357
262,scCube,sim1,45_0.8,SpaGCN,45,0.8,0.7611622645195271,0.6681351318845478,0.8359134543517379,0.8871794871794872,0.6783238974729272,0.6582479175959031,0.6681351318845478
263,scCube,sim1,45_0.8,SpatialMGCN,45,0.8,0.3709170617846876,0.4802471446235049,0.5863288389461492,0.684981684981685,0.4595196714058548,0.502932848401144,0.4802471446235051
264,scCube,sim1,45_0.8,SpaceFlow,45,0.8,0.5914138128785418,0.5115416290067903,0.7201220215947728,0.8155311355311354,0.5144101317241969,0.5087121437377826,0.5115416290067903
265,scCube,sim1,45_0.8,stLearn,45,0.8,0.7228574140407578,0.6290300776512693,0.8092995454191211,0.86989010989011,0.6394582260422914,0.6189385056382514,0.6290300776512693
266,scCube,sim1,45_1,BASS,45,1.0,0.9352702303093732,0.8740749165537809,0.9555248283635712,0.9655677655677656,0.8712937273571614,0.8768739178440835,0.8740749165537809
267,scCube,sim1,45_1,Banksy,45,1.0,0.5735127862412299,0.6492725237332482,0.6978157633094475,0.79003663003663,0.6668896351319931,0.6328400314609872,0.6492725237332482
268,scCube,sim1,45_1,BayesSpace,45,1.0,0.5110624212371919,0.6438118439122699,0.653251538343283,0.8153846153846154,0.6633855770062015,0.6253600840356777,0.6438118439122699
269,scCube,sim1,45_1,CCST,45,1.0,0.8689593220269192,0.7892896651160349,0.9100293554483196,0.9356776556776556,0.7862155150973585,0.7923892756068602,0.7892896651160349
270,scCube,sim1,45_1,CellCharter,45,1.0,0.8040811449010967,0.8354725031847334,0.8616966232142975,0.9125274725274723,0.8418536680262765,0.829563858371294,0.8354725031847334
271,scCube,sim1,45_1,DeepST,45,1.0,0.8532812259431172,0.8156308691165887,0.9093047575844284,0.9028571428571428,0.7831606821197454,0.8733086596495339,0.8156308691165887
272,scCube,sim1,45_1,GraphST,45,1.0,0.5635447331663612,0.6846926634359197,0.6892979944111378,0.8344322344322345,0.7106285194318193,0.6605833107265779,0.6846926634359196
273,scCube,sim1,45_1,PRECAST,45,1.0,0.3513092242139009,0.5026601002188297,0.5447920532623008,0.7230769230769231,0.509512286985939,0.4959897712900417,0.5026601002188297
274,scCube,sim1,45_1,SEDR,45,1.0,0.7508148237934509,0.7847366535247114,0.8246607462683994,0.8893772893772894,0.7936971240961966,0.7763161491975387,0.7847366535247116
275,scCube,sim1,45_1,STAGATE,45,1.0,0.931479988252577,0.8827379721321048,0.9529051851046352,0.9704029304029304,0.8804144411919961,0.8850738190693412,0.8827379721321048
276,scCube,sim1,45_1,SpaGCN,45,1.0,0.8906421241717306,0.8274386398280429,0.9243013109477672,0.9465201465201464,0.8308202047416504,0.8240844902992521,0.8274386398280429
277,scCube,sim1,45_1,SpatialMGCN,45,1.0,0.4731362392365048,0.5345232488554147,0.6539163963216462,0.7106227106227107,0.5016491114651217,0.5720081652715665,0.5345232488554148
278,scCube,sim1,45_1,SpaceFlow,45,1.0,0.791134472160771,0.7601731832054035,0.8545421641178166,0.9073992673992674,0.7675650533682927,0.7529416947606941,0.7601731832054035
279,scCube,sim1,45_1,stLearn,45,1.0,0.7805673200183778,0.7118770049149722,0.8474576197641188,0.8983150183150184,0.7170326942226598,0.7067982635057065,0.7118770049149722
350,scCube,sim1,5_0.2,BASS,5,0.2,0.1369897701473501,0.1476207733535474,0.4071623498042939,0.6498168498168498,0.1619761420988758,0.1356027816411468,0.1476207733535474
351,scCube,sim1,5_0.2,Banksy,5,0.2,0.1883419568532207,0.3075833729237042,0.4559780338328571,0.6691575091575092,0.3303179566661909,0.2877932753773073,0.3075833729237042
352,scCube,sim1,5_0.2,BayesSpace,5,0.2,0.1116285501086597,0.2350493627851939,0.4671832935534609,0.6732600732600733,0.2277456039408928,0.2428371031823832,0.2350493627851939
353,scCube,sim1,5_0.2,CCST,5,0.2,0.093348569451352,0.0550610863138231,0.397849745160803,0.5560439560439561,0.058569863445851,0.0519689855833788,0.0550610863138231
354,scCube,sim1,5_0.2,CellCharter,5,0.2,0.2323508455893179,0.2563735501240792,0.4844094332370193,0.6351648351648352,0.2753438032286867,0.2399005057282399,0.2563735501240792
355,scCube,sim1,5_0.2,DeepST,5,0.2,0.1300239925296839,0.2017735096147319,0.4323446076563059,0.602051282051282,0.2094251783305178,0.1951657189015126,0.2017735096147319
356,scCube,sim1,5_0.2,GraphST,5,0.2,0.2915550819434371,0.2114373047756343,0.5720634538202116,0.6285714285714286,0.200582911675235,0.2235336603439112,0.2114373047756343
357,scCube,sim1,5_0.2,PRECAST,5,0.2,0.1200822249610902,0.250603449212592,0.4122970001037983,0.6358974358974359,0.2662307664263529,0.2367090114688506,0.2506034492125921
358,scCube,sim1,5_0.2,SEDR,5,0.2,0.3241688004990349,0.2294496368592618,0.613983335885249,0.6678388278388278,0.2136072182918043,0.2506742470150903,0.2294496368592618
359,scCube,sim1,5_0.2,STAGATE,5,0.2,0.0686976113334867,0.0543766070440456,0.5134081556171627,0.5923809523809525,0.0462421028882729,0.0665349440868989,0.0543766070440456
360,scCube,sim1,5_0.2,SpaGCN,5,0.2,0.3631233292933313,0.3707634311633033,0.5777380743059364,0.6725274725274726,0.393720924218382,0.3503356899049349,0.3707634311633033
361,scCube,sim1,5_0.2,SpatialMGCN,5,0.2,0.3176522612141661,0.2866448889774728,0.5877397240805164,0.6461538461538462,0.2706143209451696,0.3046942748526118,0.2866448889774728
362,scCube,sim1,5_0.2,SpaceFlow,5,0.2,-0.0049015229416617,0.0214539598989605,0.3222562121572938,0.5560439560439561,0.0230390955263186,0.0200744565929181,0.0214539598989605
363,scCube,sim1,5_0.2,stLearn,5,0.2,0.4917400176734817,0.4182775040667301,0.665675475108572,0.7510622710622711,0.4454803503562347,0.3942160802522607,0.41827750406673
364,scCube,sim1,5_0.4,BASS,5,0.4,0.2359093366448908,0.1607264492321604,0.4862956396888601,0.5831501831501832,0.168877908300669,0.15332567109228,0.1607264492321604
365,scCube,sim1,5_0.4,Banksy,5,0.4,0.1480303036713684,0.2503016112719307,0.4472190472357882,0.6124542124542124,0.2556913789661291,0.2453761213194722,0.2503016112719307
366,scCube,sim1,5_0.4,BayesSpace,5,0.4,0.1133565732122179,0.2226779613202215,0.4533567321478687,0.6564102564102564,0.2156153232061003,0.230218952010902,0.2226779613202216
367,scCube,sim1,5_0.4,CCST,5,0.4,0.1322720909275804,0.1115947497018721,0.4110320482878313,0.5475457875457875,0.1182741658331587,0.1056425375838716,0.1115947497018721
368,scCube,sim1,5_0.4,CellCharter,5,0.4,0.3205353277364358,0.3126156862873926,0.5415586271563395,0.6734065934065934,0.3307385454687281,0.2964698709828606,0.3126156862873926
369,scCube,sim1,5_0.4,DeepST,5,0.4,0.1974495705035571,0.2194558391131145,0.5179827544798382,0.5793406593406594,0.1927068750699644,0.260395018309124,0.2194558391131145
370,scCube,sim1,5_0.4,GraphST,5,0.4,0.1168062399006965,0.2306375953566282,0.4113582014072813,0.613919413919414,0.2397679527461527,0.2221770972844691,0.2306375953566282
371,scCube,sim1,5_0.4,PRECAST,5,0.4,0.1447405754499348,0.2453920712722956,0.4175837771560052,0.6205128205128205,0.2602948959188683,0.2321033165532657,0.2453920712722956
372,scCube,sim1,5_0.4,SEDR,5,0.4,0.1442884739980538,0.2563295767608479,0.4755912068003693,0.6704761904761904,0.2484711955372276,0.264802835937915,0.2563295767608478
373,scCube,sim1,5_0.4,STAGATE,5,0.4,0.0688710262187922,0.1001132554480425,0.4321881039522345,0.5951648351648352,0.0962963830927766,0.1046724868809755,0.1001132554480425
374,scCube,sim1,5_0.4,SpaGCN,5,0.4,0.4346000479891284,0.3952245239160056,0.6210016431787431,0.6893772893772894,0.4160451729549483,0.376388463300228,0.3952245239160055
375,scCube,sim1,5_0.4,SpatialMGCN,5,0.4,0.3675381035525825,0.3743802919447163,0.598653650192177,0.6688644688644688,0.3662117355360322,0.3829215705148139,0.3743802919447163
376,scCube,sim1,5_0.4,SpaceFlow,5,0.4,0.0489561390749115,0.067420334447433,0.3401886113787115,0.5362637362637362,0.0728651699112472,0.0627338114187617,0.067420334447433
377,scCube,sim1,5_0.4,stLearn,5,0.4,0.5358072213050118,0.4579104703921509,0.6991511431729689,0.7693772893772893,0.4728088325030845,0.4451530885042619,0.4579104703921509
378,scCube,sim1,5_0.6,BASS,5,0.6,0.3380725529755689,0.2406323727078035,0.5602353881862991,0.6571428571428571,0.2463927751846513,0.2351351613356881,0.2406323727078035
379,scCube,sim1,5_0.6,Banksy,5,0.6,0.1305440828335503,0.1318784843902314,0.4649205912445467,0.5441758241758242,0.1265645133487444,0.1398207670466671,0.1318784843902314
380,scCube,sim1,5_0.6,BayesSpace,5,0.6,0.155746560735093,0.286112206505096,0.4648262477718196,0.6842490842490843,0.2796102286795447,0.2929237737737473,0.2861122065050959
381,scCube,sim1,5_0.6,CCST,5,0.6,0.2512717895689252,0.2103140437411944,0.4940890810121136,0.613919413919414,0.2176437778181357,0.2034714184557508,0.2103140437411944
382,scCube,sim1,5_0.6,CellCharter,5,0.6,0.3431884024119186,0.3254446380199282,0.5560683614623168,0.6841025641025642,0.3387982817572078,0.3133256257455069,0.3254446380199282
383,scCube,sim1,5_0.6,DeepST,5,0.6,0.2782566990919021,0.2528691432756997,0.5663343802031067,0.6505494505494506,0.2611674242780896,0.4451423542066286,0.2528691432756997
384,scCube,sim1,5_0.6,GraphST,5,0.6,0.1430397543636393,0.2999351575005689,0.4257381967197157,0.6402930402930402,0.3088284347477517,0.2915397397147282,0.2999351575005688
385,scCube,sim1,5_0.6,PRECAST,5,0.6,0.1533116188494561,0.2860504459206235,0.4205403888095803,0.6190476190476191,0.2994516074939279,0.2737973715581132,0.2860504459206235
386,scCube,sim1,5_0.6,SEDR,5,0.6,0.3193993050248564,0.3330893721063314,0.558976014994621,0.7049084249084249,0.3293393955468687,0.337756336990551,0.3330893721063314
387,scCube,sim1,5_0.6,STAGATE,5,0.6,0.09036846885692,0.176390196661798,0.3860238022771261,0.5775824175824176,0.1827674537273508,0.170454199054311,0.176390196661798
388,scCube,sim1,5_0.6,SpaGCN,5,0.6,0.5579814712769184,0.5194711604985924,0.7004054059805762,0.7970695970695971,0.5455640961397284,0.4957602170399068,0.5194711604985923
389,scCube,sim1,5_0.6,SpatialMGCN,5,0.6,0.3885542424624963,0.4058031359578208,0.6144029721046378,0.6842490842490843,0.3839480827697837,0.4302964246866175,0.4058031359578208
390,scCube,sim1,5_0.6,SpaceFlow,5,0.6,0.1649908772920632,0.1648062110971046,0.4237888071381192,0.5932600732600732,0.1740505189655917,0.1565034175203369,0.1648062110971046
391,scCube,sim1,5_0.6,stLearn,5,0.6,0.5903210384230271,0.5123031550001681,0.7240717759223334,0.8093772893772894,0.5337966699762027,0.4924738954247901,0.5123031550001682
392,scCube,sim1,5_0.8,BASS,5,0.8,0.5222948788482219,0.4092007115035262,0.6770992963885405,0.7538461538461538,0.4170897612353378,0.4016045568717284,0.4092007115035262
393,scCube,sim1,5_0.8,Banksy,5,0.8,0.2347987678207449,0.2764108299814609,0.4643491186159575,0.6471794871794871,0.2918936782914269,0.2626010246716216,0.2764108299814609
394,scCube,sim1,5_0.8,BayesSpace,5,0.8,0.1731758667199998,0.3212066054589654,0.4686750776132918,0.6805860805860806,0.3116556010601876,0.3313615178156728,0.3212066054589654
395,scCube,sim1,5_0.8,CCST,5,0.8,0.4086056429214574,0.3723139520804131,0.5961620043787532,0.7119413919413919,0.3814115722032332,0.3636956227356915,0.3723139520804131
396,scCube,sim1,5_0.8,CellCharter,5,0.8,0.4736810918941375,0.4796632111833146,0.6407805155370703,0.7475457875457876,0.4898221494723186,0.4701625450509817,0.4796632111833146
397,scCube,sim1,5_0.8,DeepST,5,0.8,0.4581205362996607,0.4006254148970686,0.6860341440662862,0.7431501831501832,0.4035233695487455,0.5979273880597051,0.4006254148970686
398,scCube,sim1,5_0.8,GraphST,5,0.8,0.3327739990246204,0.4034466155700519,0.5307816025664707,0.7267399267399267,0.4277962080798702,0.3817196401656935,0.4034466155700519
399,scCube,sim1,5_0.8,PRECAST,5,0.8,0.5273065676084631,0.4908658769969083,0.681514130906986,0.7120879120879121,0.4949269698630795,0.4868708878173762,0.4908658769969083
400,scCube,sim1,5_0.8,SEDR,5,0.8,0.4118037720034413,0.5016802766460055,0.5969079042451607,0.751941391941392,0.5150969747635719,0.4890405320243134,0.5016802766460053
401,scCube,sim1,5_0.8,STAGATE,5,0.8,0.5378145450004557,0.4103358581769448,0.6915445803313918,0.7696703296703296,0.4127405833912999,0.4079663261184196,0.4103358581769448
402,scCube,sim1,5_0.8,SpaGCN,5,0.8,0.7430916890550346,0.6825734587211538,0.8258359253537997,0.8864468864468865,0.7009769426026224,0.6651115857217904,0.6825734587211538
403,scCube,sim1,5_0.8,SpatialMGCN,5,0.8,0.3628140103571507,0.4634879060834315,0.5889089211764369,0.6732600732600733,0.4423039401906604,0.4868031430549221,0.4634879060834315
404,scCube,sim1,5_0.8,SpaceFlow,5,0.8,0.2373965492632895,0.3101205393555296,0.461926361760297,0.6565567765567766,0.3291065143712889,0.29320575028599,0.3101205393555296
405,scCube,sim1,5_0.8,stLearn,5,0.8,0.7217687960135157,0.6290931724216218,0.8115916464650251,0.8673992673992675,0.6437709174530566,0.6150701953743386,0.6290931724216218
406,scCube,sim1,5_1,BASS,5,1.0,0.8318221190427888,0.7274235940278404,0.8849622124344323,0.8930402930402931,0.7315623716837855,0.7233313827813695,0.7274235940278404
407,scCube,sim1,5_1,Banksy,5,1.0,0.4444282562234559,0.5056501358401514,0.615816295153644,0.7238095238095238,0.5077191226354074,0.5036939424342118,0.5056501358401515
408,scCube,sim1,5_1,BayesSpace,5,1.0,0.4481994417599081,0.587462565458066,0.6126420072112089,0.7860805860805861,0.6056112296892722,0.5703699935360553,0.587462565458066
409,scCube,sim1,5_1,CCST,5,1.0,0.6353611005401917,0.5958830396471269,0.7478940614088695,0.8243223443223442,0.6037010150939917,0.5882707274112546,0.5958830396471269
410,scCube,sim1,5_1,CellCharter,5,1.0,0.7659389173384795,0.7670735571448455,0.8380031789712137,0.8855677655677656,0.7721767362132831,0.7623109264669836,0.7670735571448455
411,scCube,sim1,5_1,DeepST,5,1.0,0.6436754437135048,0.6631137296403613,0.7663998084965404,0.8172893772893772,0.6354160954798688,0.7136534673549345,0.6631137296403613
412,scCube,sim1,5_1,GraphST,5,1.0,0.4887319679271634,0.61046009283071,0.6374972314912849,0.7970695970695971,0.638436488825029,0.5848326272087175,0.61046009283071
413,scCube,sim1,5_1,PRECAST,5,1.0,0.3818725493381216,0.5312429912725073,0.5671357684704657,0.7318681318681318,0.5439920040397762,0.5190778669619293,0.5312429912725073
414,scCube,sim1,5_1,SEDR,5,1.0,0.6577224176589238,0.7109749932307132,0.7598195463548908,0.850989010989011,0.7255861604280929,0.6978576137629886,0.7109749932307132
415,scCube,sim1,5_1,STAGATE,5,1.0,0.8264255223763193,0.7358619106555297,0.8811626746495506,0.9125274725274723,0.7392731592348147,0.7324820122099739,0.7358619106555299
416,scCube,sim1,5_1,SpaGCN,5,1.0,0.8665072446908944,0.7926600390002834,0.9084378154418606,0.9326007326007326,0.7996329990156248,0.7858076388960887,0.7926600390002836
417,scCube,sim1,5_1,SpatialMGCN,5,1.0,0.6072709595661789,0.612641500318625,0.7459692098634026,0.7282051282051282,0.5722556812542062,0.6591604526829409,0.612641500318625
418,scCube,sim1,5_1,SpaceFlow,5,1.0,0.4426493454800931,0.5428296274990494,0.6050976890335249,0.7620512820512821,0.56649616755189,0.5210880218084525,0.5428296274990493
419,scCube,sim1,5_1,stLearn,5,1.0,0.7432526131809806,0.6877633761630003,0.8368120597695127,0.8700366300366301,0.6751526130059167,0.7075093035847934,0.6877633761630003
