,Technology,Dataset,Sample,Method,ARI,NMI,FMI,Purity,Homogeneity,Completeness,V_measure,Time,Memory,PAS,CHAOS,ASW,Level
0,STARmap,Mouse Medial Prefrontal Cortex,BZ14,BASS,0.54970033,0.590223792,0.602233669,0.681066176,0.580286964,0.600506864,0.590223792,471.990884,507.4,0.673713235,0.150600092,-0.127392561,celltype
1,STARmap,Mouse Medial Prefrontal Cortex,BZ14,Banksy,0.37868479,0.459395533,0.462721477,0.583639706,0.444314628,0.475536157,0.459395533,6.575611639,17.69539032,0.545036765,0.135770171,-0.113200808,celltype
2,STARmap,Mouse Medial Prefrontal Cortex,BZ14,CCST,0.1413808,0.232473216,0.247075648,0.401654412,0.218140496,0.249129826,0.232473216,90.33687487,88.46706028,0.144117647,0.083567196,-0.123463503,celltype
3,STARmap,Mouse Medial Prefrontal Cortex,BZ14,CellCharter,0.24975506,0.354844488,0.320021294,0.494485294,0.36961704,0.341217426,0.354844488,99.41473045,11.93112278,0.668382353,0.11652582,-0.074714839,celltype
4,STARmap,Mouse Medial Prefrontal Cortex,BZ14,DeepST,0.280482464,0.373597693,0.349639101,0.534742647,0.384594979,0.363232671,0.373597693,42.78643827,37.70744801,0.521507353,0.112084194,-0.095159384,celltype
5,STARmap,Mouse Medial Prefrontal Cortex,BZ14,GraphST,0.212446008,0.29870284,0.296027248,0.470588235,0.294987723,0.302512728,0.29870284,11.12686524,39.88730373,0.238970588,0.078656578,-0.135646462,celltype
6,STARmap,Mouse Medial Prefrontal Cortex,BZ14,PRECAST,0.410955032,0.481963695,0.468755237,0.598345588,0.498914436,0.466126917,0.481963695,7.240633965,79.36,0.633272059,0.143314101,-0.122839302,celltype
7,STARmap,Mouse Medial Prefrontal Cortex,BZ14,SEDR,0.193935793,0.280040759,0.283057335,0.457352941,0.277399076,0.282803499,0.280040759,11.6106657,30.12471504,0.18125,0.082697028,-0.049399568,celltype
8,STARmap,Mouse Medial Prefrontal Cortex,BZ14,STAGATE,0.187523025,0.273402125,0.266580612,0.453860294,0.278327754,0.268668295,0.273402125,13.00993032,21.24020348,0.239154412,0.088971351,-0.082821608,celltype
9,STARmap,Mouse Medial Prefrontal Cortex,BZ14,SpaGCN,0.421232356,0.449101999,0.492926962,0.547794118,0.419913013,0.482652104,0.449101999,20.14442596,33.9875658,0.59375,0.124967843,-0.224354923,celltype
10,STARmap,Mouse Medial Prefrontal Cortex,BZ14,SpaceFlow,0.14073672,0.256088382,0.217964636,0.429044118,0.26803776,0.245160426,0.256088382,12.70560746,37.55689411,0.128125,0.078200296,0.0294019,celltype
11,STARmap,Mouse Medial Prefrontal Cortex,BZ14,SpatialMGCN,0.29431653,0.37422488,0.421602209,0.499080882,0.3241702,0.442559961,0.37422488,23.32580237,32.92260456,0.425551471,0.120404854,-0.33566177,celltype
12,STARmap,Mouse Medial Prefrontal Cortex,BZ14,stLearn,0.482507735,0.56554965,0.534275116,0.674448529,0.583910785,0.548332267,0.56554965,1.298117208,4.390799522,0.830698529,0.164871013,-0.155751666,celltype
13,STARmap,Mouse Medial Prefrontal Cortex,BZ14,BASS,0.769808618,0.734861801,0.850258188,0.920955882,0.762944628,0.70877295,0.734861801,471.990884,507.4,0.034926471,0.075278778,0.218910566,domain
14,STARmap,Mouse Medial Prefrontal Cortex,BZ14,Banksy,0.490672817,0.54908352,0.682784202,0.793198529,0.539282649,0.559247226,0.54908352,5.202308178,17.69491215,0.014705882,0.073355989,0.147262271,domain
15,STARmap,Mouse Medial Prefrontal Cortex,BZ14,CCST,0.460360736,0.494658141,0.646387062,0.770220588,0.508320413,0.482386444,0.494658141,86.03193765,81.19088192,0.068014706,0.078631715,0.138049678,domain
16,STARmap,Mouse Medial Prefrontal Cortex,BZ14,CellCharter,0.586570895,0.621895152,0.722471469,0.865441176,0.679781846,0.573134114,0.621895152,92.56545572,11.92049255,0.053860294,0.07588614,0.203013783,domain
17,STARmap,Mouse Medial Prefrontal Cortex,BZ14,DeepST,0.658611008,0.611337803,0.780315682,0.867830882,0.624862153,0.598581351,0.611337803,66.8571475,37.12732906,0.085294118,0.077204498,0.155422488,domain
18,STARmap,Mouse Medial Prefrontal Cortex,BZ14,GraphST,0.647401388,0.608438597,0.771988935,0.868566176,0.623797765,0.593817602,0.608438597,11.03589187,39.88773479,0.068933824,0.077089647,0.197669257,domain
19,STARmap,Mouse Medial Prefrontal Cortex,BZ14,PRECAST,0.377658231,0.446593469,0.589268665,0.791360294,0.471155681,0.424465311,0.446593469,2.956183958,74,0.138786765,0.083136415,0.051891619,domain
20,STARmap,Mouse Medial Prefrontal Cortex,BZ14,SEDR,0.313770634,0.385673567,0.565394197,0.711948529,0.386904161,0.386646271,0.385673567,10.4634254,30.12568626,0.051654412,0.075682713,0.020453442,domain
21,STARmap,Mouse Medial Prefrontal Cortex,BZ14,STAGATE,0.74442809,0.694762986,0.837703267,0.897977941,0.695261655,0.694265246,0.694762986,10.46294184,21.30970421,0.044117647,0.07548188,0.218290155,domain
22,STARmap,Mouse Medial Prefrontal Cortex,BZ14,SpaGCN,0.258499395,0.311578695,0.486390482,0.688419118,0.347963552,0.282082681,0.311578695,7.214632177,32.15077934,0.379595588,0.092610693,-0.008303339,domain
23,STARmap,Mouse Medial Prefrontal Cortex,BZ14,SpaceFlow,0.671532258,0.666392472,0.781467253,0.897242647,0.721797669,0.618956086,0.666392472,12.7951293,32.27607517,0.024448529,0.073792471,0.196671667,domain
24,STARmap,Mouse Medial Prefrontal Cortex,BZ14,SpatialMGCN,0.280427374,0.273301155,0.533858466,0.682904412,0.27945895,0.26740888,0.273301155,15.70109715,32.92669086,0.280330882,0.101119642,0.002076355,domain
25,STARmap,Mouse Medial Prefrontal Cortex,BZ14,stLearn,0.211479303,0.224705266,0.463569145,0.645220588,0.245020884,0.207500884,0.224705266,1.268579149,4.390909195,0.449816176,0.100637853,0.005882195,domain
26,STARmap,Mouse Medial Prefrontal Cortex,BZ5,BASS,0.402613652,0.522102387,0.469159869,0.586272641,0.510927442,0.533777096,0.522102387,489.877578,480.9,0.653956149,0.151527402,-0.162252615,celltype
27,STARmap,Mouse Medial Prefrontal Cortex,BZ5,Banksy,0.310468066,0.437129179,0.389799383,0.531935176,0.427807159,0.44688236,0.437129179,5.344130373,17.06958294,0.538798856,0.14102309,-0.112719519,celltype
28,STARmap,Mouse Medial Prefrontal Cortex,BZ5,CCST,0.126549309,0.239717628,0.229754623,0.364537655,0.225858478,0.255560036,0.239717628,85.94739728,83.59078732,0.14013346,0.077924288,-0.08688307,celltype
29,STARmap,Mouse Medial Prefrontal Cortex,BZ5,CellCharter,0.23646992,0.369147934,0.304614099,0.47950429,0.383202257,0.356103998,0.369147934,100.5488965,11.810256,0.59485224,0.114446026,-0.05689206,celltype
30,STARmap,Mouse Medial Prefrontal Cortex,BZ5,DeepST,0.245792856,0.361033439,0.318093201,0.502383222,0.365026926,0.357163699,0.361033439,41.59903183,35.45001316,0.344899905,0.102020091,-0.091970221,celltype
31,STARmap,Mouse Medial Prefrontal Cortex,BZ5,GraphST,0.217777678,0.325248603,0.293717418,0.485224023,0.327038903,0.323477798,0.325248603,11.44438558,37.21465492,0.261201144,0.075109827,-0.076937526,celltype
32,STARmap,Mouse Medial Prefrontal Cortex,BZ5,PRECAST,0.38477916,0.497210806,0.442809286,0.599618684,0.5097662,0.485259018,0.497210806,6.816972065,68.48,0.630123928,0.145822748,-0.146590741,celltype
33,STARmap,Mouse Medial Prefrontal Cortex,BZ5,SEDR,0.19166494,0.293891597,0.274943345,0.430505243,0.291543616,0.29634547,0.293891597,11.12892342,31.73893795,0.114775977,0.075063188,-0.048865038,celltype
34,STARmap,Mouse Medial Prefrontal Cortex,BZ5,STAGATE,0.208221403,0.30876094,0.288063,0.461963775,0.30650782,0.311060964,0.30876094,11.98024187,20.00680714,0.213346044,0.080933566,-0.062646651,celltype
35,STARmap,Mouse Medial Prefrontal Cortex,BZ5,SpaGCN,0.358443563,0.425430338,0.427525817,0.542421354,0.410744822,0.441204906,0.425430338,17.24194369,31.11974201,0.588179218,0.113586489,-0.215782195,celltype
36,STARmap,Mouse Medial Prefrontal Cortex,BZ5,SpaceFlow,0.171936676,0.287165499,0.245763238,0.41620591,0.296760508,0.278173463,0.287165499,9.640506554,35.01690941,0.134985701,0.076539399,0.016286361,celltype
37,STARmap,Mouse Medial Prefrontal Cortex,BZ5,SpatialMGCN,0.270843129,0.450827316,0.432597438,0.447092469,0.369488858,0.578085855,0.450827316,16.11023006,32.0383831,0.340324118,0.110464533,-0.303695959,celltype
38,STARmap,Mouse Medial Prefrontal Cortex,BZ5,stLearn,0.396441307,0.510461241,0.453674238,0.609151573,0.519771144,0.501564646,0.510461241,1.485136795,4.238329697,0.777311725,0.161905043,-0.158111707,celltype
39,STARmap,Mouse Medial Prefrontal Cortex,BZ5,BASS,0.81483353,0.78965205,0.873284278,0.929456625,0.803371185,0.776393609,0.78965205,489.877578,480.9,0.025738799,0.070918622,0.266236847,domain
40,STARmap,Mouse Medial Prefrontal Cortex,BZ5,Banksy,0.551910569,0.615958731,0.691171979,0.802097235,0.629401772,0.603089032,0.615958731,5.060063744,18.36158009,0.027264061,0.06965037,0.199535247,domain
41,STARmap,Mouse Medial Prefrontal Cortex,BZ5,CCST,0.504662461,0.511643256,0.688022108,0.743183985,0.465902442,0.568045879,0.511643256,83.72548699,76.61796741,0.043851287,0.072674685,0.167644295,domain
42,STARmap,Mouse Medial Prefrontal Cortex,BZ5,CellCharter,0.569367513,0.611155869,0.699793607,0.804003813,0.636257121,0.587982444,0.611155869,102.0437058,17.80105782,0.07435653,0.073266199,0.191689673,domain
43,STARmap,Mouse Medial Prefrontal Cortex,BZ5,DeepST,0.538758891,0.574392959,0.681785885,0.78379409,0.594881461,0.555872188,0.574392959,68.27851772,40.93924198,0.084842707,0.072484154,0.080771526,domain
44,STARmap,Mouse Medial Prefrontal Cortex,BZ5,GraphST,0.492272566,0.568234492,0.677018552,0.779790276,0.545890651,0.592485506,0.568234492,10.92577581,37.30250816,0.076263108,0.069691063,0.100356173,domain
45,STARmap,Mouse Medial Prefrontal Cortex,BZ5,PRECAST,0.197111158,0.307794616,0.466299722,0.643469971,0.304283431,0.311387781,0.307794616,2.780794048,64.5,0.299332698,0.088839042,0.016646934,domain
46,STARmap,Mouse Medial Prefrontal Cortex,BZ5,SEDR,0.710605189,0.676091912,0.80548673,0.883126787,0.672633143,0.679592849,0.676091912,10.6420825,28.15951805,0.028026692,0.069439302,0.174925799,domain
47,STARmap,Mouse Medial Prefrontal Cortex,BZ5,STAGATE,0.74166581,0.686433444,0.826862616,0.892469018,0.682201544,0.69087954,0.686433444,13.42097535,26.85714855,0.06749285,0.0754699,0.174968858,domain
48,STARmap,Mouse Medial Prefrontal Cortex,BZ5,SpaGCN,0.279761688,0.314377803,0.488871436,0.638703527,0.333312551,0.297478696,0.314377803,9.883388662,32.73923168,0.422306959,0.087989431,0.024233854,domain
49,STARmap,Mouse Medial Prefrontal Cortex,BZ5,SpaceFlow,0.774008216,0.756769435,0.845554573,0.906196378,0.767597599,0.746403665,0.756769435,11.64218726,38.82823353,0.025738799,0.069799577,0.225132371,domain
50,STARmap,Mouse Medial Prefrontal Cortex,BZ5,SpatialMGCN,0.339489427,0.354369768,0.559122647,0.64442326,0.342685798,0.366878597,0.354369768,15.86603036,32.17131062,0.257387989,0.091444003,0.016464503,domain
51,STARmap,Mouse Medial Prefrontal Cortex,BZ5,stLearn,0.256316752,0.281160717,0.482760277,0.607435653,0.290160944,0.272703677,0.281160717,1.416300297,4.299184227,0.400762631,0.096656143,0.029766118,domain
52,STARmap,Mouse Medial Prefrontal Cortex,BZ9,BASS,0.451561411,0.555832292,0.510027612,0.612535613,0.544659772,0.567472773,0.555832292,505.1758581,480.62,0.624881292,0.138040111,-0.200180795,celltype
53,STARmap,Mouse Medial Prefrontal Cortex,BZ9,Banksy,0.385064506,0.493754578,0.45702997,0.556505223,0.481089187,0.507104871,0.493754578,5.359630585,17.13290386,0.50997151,0.139766914,-0.109946511,celltype
54,STARmap,Mouse Medial Prefrontal Cortex,BZ9,CCST,0.164251746,0.282080179,0.267718893,0.403988604,0.261324506,0.3065384,0.282080179,87.843748,84.09471321,0.11642925,0.086582899,-0.058000002,celltype
55,STARmap,Mouse Medial Prefrontal Cortex,BZ9,CellCharter,0.268059855,0.403267243,0.334223069,0.502374169,0.41621672,0.391123793,0.403267243,102.99481,11.86936169,0.595821462,0.11771538,-0.094357756,celltype
56,STARmap,Mouse Medial Prefrontal Cortex,BZ9,DeepST,0.266888518,0.39499792,0.334993474,0.512820513,0.403117862,0.387233399,0.39499792,39.06732903,35.68797207,0.502564103,0.113835185,-0.147075796,celltype
57,STARmap,Mouse Medial Prefrontal Cortex,BZ9,GraphST,0.266564742,0.359172763,0.338896163,0.483380817,0.359095627,0.359249933,0.359172763,9.023794699,37.48328514,0.314339981,0.08203018,-0.139680902,celltype
58,STARmap,Mouse Medial Prefrontal Cortex,BZ9,PRECAST,0.34461113,0.474321453,0.406077909,0.556505223,0.485273777,0.463852592,0.474321453,6.958288002,68.44,0.623931624,0.144320146,-0.137987743,celltype
59,STARmap,Mouse Medial Prefrontal Cortex,BZ9,SEDR,0.242911187,0.366957801,0.318839312,0.494396961,0.367444268,0.366544926,0.366957801,11.36011691,28.31747456,0.232478632,0.084672616,-0.058455759,celltype
60,STARmap,Mouse Medial Prefrontal Cortex,BZ9,STAGATE,0.270664956,0.361914929,0.344484081,0.497625831,0.357505893,0.366439164,0.361914929,11.11123838,20.14743252,0.182905983,0.093996524,-0.207432562,celltype
61,STARmap,Mouse Medial Prefrontal Cortex,BZ9,SpaGCN,0.354257413,0.472941863,0.418222745,0.557454891,0.465427227,0.480703139,0.472941863,19.10489659,31.70368137,0.621082621,0.130472256,-0.185425642,celltype
62,STARmap,Mouse Medial Prefrontal Cortex,BZ9,SpaceFlow,0.171272095,0.290639839,0.244823851,0.417094017,0.299769163,0.282051538,0.290639839,11.36465597,34.89273663,0.144729345,0.079556121,-0.001670338,celltype
63,STARmap,Mouse Medial Prefrontal Cortex,BZ9,SpatialMGCN,0.304250508,0.451110066,0.445704415,0.521367521,0.38040266,0.554104292,0.451110066,16.60425401,31.74476051,0.32288699,0.110593727,-0.359193933,celltype
64,STARmap,Mouse Medial Prefrontal Cortex,BZ9,stLearn,0.406611793,0.525718745,0.463079578,0.600569801,0.532852342,0.518796184,0.525718745,1.445399237,4.253626633,0.747578348,0.160865804,-0.134553956,celltype
65,STARmap,Mouse Medial Prefrontal Cortex,BZ9,BASS,0.564045021,0.544426491,0.707378242,0.795821462,0.580298378,0.512731346,0.544426491,505.1758581,480.62,0.078822412,0.076124563,0.089398251,domain
66,STARmap,Mouse Medial Prefrontal Cortex,BZ9,Banksy,0.456110368,0.538889597,0.632637151,0.811965812,0.572086549,0.509334038,0.538889597,5.213532591,17.15120068,0.035137702,0.073308203,0.159355122,domain
67,STARmap,Mouse Medial Prefrontal Cortex,BZ9,CCST,0.548677895,0.567214655,0.704564647,0.811016144,0.577477648,0.562429301,0.567214655,84.05660138,77.12839336,0.054131054,0.077891931,0.168813011,domain
68,STARmap,Mouse Medial Prefrontal Cortex,BZ9,CellCharter,0.487053825,0.536669937,0.652400768,0.77359924,0.576944813,0.501658298,0.536669937,101.7252106,11.86789894,0.074264008,0.076162773,0.148563833,domain
69,STARmap,Mouse Medial Prefrontal Cortex,BZ9,DeepST,0.456311036,0.466137567,0.650079205,0.758594492,0.477583971,0.457156843,0.466137567,64.20017796,35.70433064,0.114339981,0.079278307,0.059950865,domain
70,STARmap,Mouse Medial Prefrontal Cortex,BZ9,GraphST,0.621741686,0.574134217,0.753828985,0.827160494,0.586954251,0.561862233,0.574134217,9.816186237,37.49564056,0.075023742,0.074139873,0.072186286,domain
71,STARmap,Mouse Medial Prefrontal Cortex,BZ9,PRECAST,0.27080102,0.264679468,0.53457549,0.67711301,0.266235824,0.263141202,0.264679468,2.822665977,64.42,0.265906933,0.094897827,0.060179573,domain
72,STARmap,Mouse Medial Prefrontal Cortex,BZ9,SEDR,0.483568328,0.487435077,0.673387645,0.769990503,0.48304005,0.494068403,0.487435077,10.79384708,28.32719002,0.079962013,0.076742198,0.097647632,domain
73,STARmap,Mouse Medial Prefrontal Cortex,BZ9,STAGATE,0.525956144,0.497547606,0.705468827,0.765432099,0.487995549,0.507481074,0.497547606,10.28697391,20.1565239,0.058879392,0.076887263,0.13852202,domain
74,STARmap,Mouse Medial Prefrontal Cortex,BZ9,SpaGCN,0.271981384,0.32776408,0.502907803,0.675213675,0.351803904,0.30679954,0.32776408,10.54615755,30.39333611,0.307692308,0.08639444,0.0354516,domain
75,STARmap,Mouse Medial Prefrontal Cortex,BZ9,SpaceFlow,0.418411039,0.523202682,0.600431281,0.765432099,0.570968451,0.482811906,0.523202682,11.37674532,26.83641453,0.027350427,0.073757024,0.139949047,domain
76,STARmap,Mouse Medial Prefrontal Cortex,BZ9,SpatialMGCN,0.383239676,0.375218636,0.617292895,0.71320038,0.362395279,0.388982792,0.375218636,14.37280083,32.03614597,0.179487179,0.091714245,-0.000658919,domain
77,STARmap,Mouse Medial Prefrontal Cortex,BZ9,stLearn,0.28319633,0.308470869,0.521996361,0.663247863,0.321779209,0.29622007,0.308470869,1.334255314,4.253164291,0.304273504,0.099846605,0.057540553,domain
78,STARmap,Mouse Visual Cortex,20180505_BY3_1kgenes,BASS,0.50599727,0.638446213,0.55870791,0.706710853,0.638785253,0.638107533,0.638446213,465.4207901,454.36,0.522783761,0.128965372,-0.185648929,celltype
79,STARmap,Mouse Visual Cortex,20180505_BY3_1kgenes,Banksy,0.306484422,0.44647029,0.375293637,0.611599006,0.458705442,0.434918524,0.44647029,6.323499155,104.8365658,0.344656172,0.091700723,-0.043040794,celltype
80,STARmap,Mouse Visual Cortex,20180505_BY3_1kgenes,CCST,0.256901706,0.336004378,0.336073409,0.52062966,0.336583479,0.335471788,0.336004378,96.43114262,114.4762995,0.112013256,0.071649139,-0.014785379,celltype
81,STARmap,Mouse Visual Cortex,20180505_BY3_1kgenes,CellCharter,0.353021735,0.457950844,0.416086034,0.586578293,0.480520288,0.43741156,0.457950844,94.23125196,38.27007618,0.516652858,0.099176396,-0.053126116,celltype
82,STARmap,Mouse Visual Cortex,20180505_BY3_1kgenes,DeepST,0.327566948,0.404630445,0.397161484,0.578624689,0.409962871,0.399439896,0.404630445,49.16400642,75.85041866,0.221872411,0.081109846,-0.005339679,celltype
83,STARmap,Mouse Visual Cortex,20180505_BY3_1kgenes,GraphST,0.236053995,0.362995135,0.308939125,0.537696769,0.378367772,0.348822873,0.362995135,11.35756121,63.75617046,0.303231152,0.069565517,-0.047132944,celltype
84,STARmap,Mouse Visual Cortex,20180505_BY3_1kgenes,PRECAST,0.56296633,0.631598038,0.608029589,0.737365369,0.656620078,0.60841304,0.631598038,18.40457206,111.96,0.603148302,0.140845048,-0.100189243,celltype
85,STARmap,Mouse Visual Cortex,20180505_BY3_1kgenes,SEDR,0.251948886,0.354153327,0.328082111,0.537199669,0.360833619,0.347826016,0.354153327,13.77469277,39.39796066,0.138525269,0.068185845,-0.02385259,celltype
86,STARmap,Mouse Visual Cortex,20180505_BY3_1kgenes,STAGATE,0.286031245,0.358001399,0.362141542,0.543993372,0.358004523,0.358008569,0.358001399,14.90896106,29.68697605,0.141839271,0.074743995,-0.081083594,celltype
87,STARmap,Mouse Visual Cortex,20180505_BY3_1kgenes,SpaGCN,0.503409119,0.537405326,0.55524724,0.662800331,0.539658462,0.535170925,0.537405326,23.02807508,41.67616863,0.535211268,0.116724757,-0.158007003,celltype
88,STARmap,Mouse Visual Cortex,20180505_BY3_1kgenes,SpaceFlow,0.17300859,0.305014615,0.248226101,0.492294946,0.322977734,0.288946524,0.305014615,18.15492425,46.45396919,0.311516156,0.081463817,-0.03724778,celltype
89,STARmap,Mouse Visual Cortex,20180505_BY3_1kgenes,SpatialMGCN,0.246129935,0.374213788,0.33455639,0.545153273,0.368208674,0.380418026,0.374213788,27.71838078,44.87451096,0.256006628,0.083198886,-0.149029481,celltype
90,STARmap,Mouse Visual Cortex,20180505_BY3_1kgenes,stLearn,0.523389897,0.635149692,0.571947056,0.728417564,0.656519211,0.615146497,0.635149692,1.411614132,14.45457954,0.74034797,0.143259391,-0.152622261,celltype
91,STARmap,Mouse Visual Cortex,20180505_BY3_1kgenes,BASS,0.619633733,0.683733085,0.690474603,0.773819387,0.650638095,0.720375287,0.683733085,465.4207901,454.36,0.033968517,0.062962393,0.103903733,domain
92,STARmap,Mouse Visual Cortex,20180505_BY3_1kgenes,Banksy,0.559455749,0.675672858,0.644494583,0.752444076,0.648817491,0.705803801,0.675672858,5.805286551,104.8362392,0.015907208,0.062892007,0.125325487,domain
93,STARmap,Mouse Visual Cortex,20180505_BY3_1kgenes,CCST,0.559282035,0.631986113,0.638528352,0.728748964,0.610569157,0.655019385,0.631986113,96.48111982,114.4555328,0.076553438,0.067179379,0.091673592,domain
94,STARmap,Mouse Visual Cortex,20180505_BY3_1kgenes,CellCharter,0.447745729,0.545459104,0.540258876,0.634134217,0.544270872,0.546880686,0.545459104,93.37485638,38.24836006,0.245236123,0.080231313,0.0687287,domain
95,STARmap,Mouse Visual Cortex,20180505_BY3_1kgenes,DeepST,0.525447237,0.601737014,0.604302187,0.715990058,0.595778378,0.60818729,0.601737014,66.909268,75.81004524,0.093951947,0.066923015,0.094230922,domain
96,STARmap,Mouse Visual Cortex,20180505_BY3_1kgenes,GraphST,0.465529304,0.56566232,0.549309511,0.705882353,0.572238193,0.559235864,0.56566232,11.52032294,63.75674782,0.104391052,0.065147201,0.092135272,domain
97,STARmap,Mouse Visual Cortex,20180505_BY3_1kgenes,PRECAST,0.312021851,0.316231529,0.422399867,0.547638774,0.317626921,0.314848343,0.316231529,9.998336077,112.76,0.44076222,0.106633254,-0.047364251,domain
98,STARmap,Mouse Visual Cortex,20180505_BY3_1kgenes,SEDR,0.54838186,0.645356424,0.623765013,0.746644573,0.636836206,0.654237166,0.645356424,13.35473299,39.39878807,0.037945319,0.063157854,0.126072845,domain
99,STARmap,Mouse Visual Cortex,20180505_BY3_1kgenes,STAGATE,0.558234826,0.627179544,0.63082023,0.749792875,0.623679603,0.630776841,0.627179544,13.41419601,29.68638172,0.085998343,0.070787897,0.106240425,domain
100,STARmap,Mouse Visual Cortex,20180505_BY3_1kgenes,SpaGCN,0.264909929,0.318847601,0.380544667,0.541010771,0.322113345,0.315647411,0.318847601,5.500001574,37.74518147,0.516155758,0.098878466,-0.08841407,domain
101,STARmap,Mouse Visual Cortex,20180505_BY3_1kgenes,SpaceFlow,0.537638719,0.634986794,0.612344308,0.74018227,0.635186483,0.63482445,0.634986794,17.55350718,32.08332615,0.081855841,0.067819756,0.061326112,domain
102,STARmap,Mouse Visual Cortex,20180505_BY3_1kgenes,SpatialMGCN,0.3150194,0.443593405,0.43352578,0.561723281,0.436582851,0.450832781,0.443593405,20.74709668,44.88004284,0.2004971,0.077098103,-0.006787733,domain
103,STARmap,Mouse Visual Cortex,20180505_BY3_1kgenes,stLearn,0.206655455,0.245040492,0.333745624,0.451864126,0.246111693,0.243978681,0.245040492,1.884621811,14.45586624,0.630488815,0.112310794,-0.090128785,domain
104,MERFISH,Hypothalamus,Animal1_Bregma-0.04,BASS,0.466382322,0.684601432,0.585596211,0.777150146,0.713885374,0.657625307,0.684601432,882.981872,1572.6,0.576348397,0.056154102,-0.15829936,celltype
105,MERFISH,Hypothalamus,Animal1_Bregma-0.04,Banksy,0.345573834,0.57273368,0.51981484,0.722485423,0.567464016,0.57813462,0.57273368,12.28299103,89.51513081,0.459912536,0.054427354,-0.174907444,celltype
106,MERFISH,Hypothalamus,Animal1_Bregma-0.04,CCST,0.089227111,0.154161852,0.27046841,0.487099125,0.165854062,0.144014746,0.154161852,493.6061765,1992.309236,0.112099125,0.031333793,-0.182513745,celltype
107,MERFISH,Hypothalamus,Animal1_Bregma-0.04,CellCharter,0.329302365,0.477096962,0.474563751,0.689030612,0.505200399,0.452324542,0.477096962,8.240906096,89.48564873,0.532325073,0.051168555,-0.163612493,celltype
108,MERFISH,Hypothalamus,Animal1_Bregma-0.04,DeepST,0.291504906,0.41208346,0.578170373,0.631413994,0.332504232,0.541769018,0.41208346,258.6484882,759.4829182,0.157798834,0.039207472,-0.340716825,celltype
109,MERFISH,Hypothalamus,Animal1_Bregma-0.04,GraphST,0.073163653,0.177751281,0.271316804,0.510021866,0.186466473,0.169814386,0.177751281,18.37807465,946.5168865,0.14340379,0.030927111,-0.167716443,celltype
110,MERFISH,Hypothalamus,Animal1_Bregma-0.04,PRECAST,0.423459229,0.629785385,0.546428292,0.862791545,0.700079465,0.572319517,0.629785385,31.08577404,139.06,0.708090379,0.058984976,-0.143779169,celltype
111,MERFISH,Hypothalamus,Animal1_Bregma-0.04,SEDR,0.322050866,0.528476308,0.468952939,0.72893586,0.55890672,0.501680678,0.528476308,23.6436903,709.0424681,0.517893586,0.049714144,-0.169893306,celltype
112,MERFISH,Hypothalamus,Animal1_Bregma-0.04,STAGATE,0.081311806,0.168363948,0.269983348,0.501858601,0.177956208,0.159788549,0.168363948,40.70990171,354.8124998,0.114795918,0.032386434,-0.231621741,celltype
113,MERFISH,Hypothalamus,Animal1_Bregma-0.04,SpaGCN,0.305846945,0.498152062,0.449977743,0.720663265,0.530762343,0.46931701,0.498152062,20.42915568,590.9129372,0.666909621,0.050468197,-0.201628253,celltype
114,MERFISH,Hypothalamus,Animal1_Bregma-0.04,SpaceFlow,0.066467476,0.133407146,0.237845745,0.486443149,0.147457869,0.121802032,0.133407146,54.01373205,388.5926046,0.041508746,0.029939918,-0.098646643,celltype
115,MERFISH,Hypothalamus,Animal1_Bregma-0.04,SpatialMGCN,0.617420702,0.693639546,0.70420516,0.858236152,0.733274529,0.658069546,0.693639546,39.71798596,475.5649128,0.68021137,0.059079705,-0.172036091,celltype
116,MERFISH,Hypothalamus,Animal1_Bregma-0.04,stLearn,0.442607495,0.656259766,0.561680377,0.816290087,0.709684399,0.610472583,0.656259766,1.610438967,24.37520084,0.700400875,0.058917085,-0.143572229,celltype
117,MERFISH,Hypothalamus,Animal1_Bregma-0.04,BASS,0.483453808,0.562454394,0.57808896,0.740342566,0.558316344,0.566654242,0.562454394,981.95895,1615.2,0.05994898,0.031114387,-0.045583117,domain
118,MERFISH,Hypothalamus,Animal1_Bregma-0.04,Banksy,0.263332326,0.478887017,0.42293673,0.592492711,0.454599156,0.506736195,0.478887017,12.71640964,89.57823372,0.060313411,0.030131457,-0.175830113,domain
119,MERFISH,Hypothalamus,Animal1_Bregma-0.04,CCST,0.19507758,0.349710542,0.343042561,0.483345481,0.341211725,0.358787464,0.349710542,490.9459094,1999.303003,0.062645773,0.029969971,-0.239626628,domain
120,MERFISH,Hypothalamus,Animal1_Bregma-0.04,CellCharter,0.107841965,0.208007676,0.277282478,0.3946793,0.203113703,0.213553885,0.208007676,9.431062508,89.55716972,0.509220117,0.051131873,-0.124111979,domain
121,MERFISH,Hypothalamus,Animal1_Bregma-0.04,DeepST,0.111733064,0.278044822,0.409190089,0.400983965,0.214015472,0.396769976,0.278044822,278.9804951,703.3072197,0.152514577,0.037441449,-0.25014543,domain
122,MERFISH,Hypothalamus,Animal1_Bregma-0.04,GraphST,0.359438548,0.459820966,0.472851393,0.64340379,0.460821661,0.458824608,0.459820966,16.96950946,946.5822275,0.156523324,0.031063867,-0.151967131,domain
123,MERFISH,Hypothalamus,Animal1_Bregma-0.04,PRECAST,0.133785078,0.219238415,0.285045615,0.444241983,0.220356338,0.218131777,0.219238415,28.071768,111.92,0.568330904,0.054675169,-0.146322659,domain
124,MERFISH,Hypothalamus,Animal1_Bregma-0.04,SEDR,0.171628141,0.292275403,0.317717201,0.491982507,0.293109448,0.29175831,0.292275403,25.34741693,703.4614527,0.514504373,0.04811813,-0.144964339,domain
125,MERFISH,Hypothalamus,Animal1_Bregma-0.04,STAGATE,0.324219521,0.472893964,0.454858748,0.625838192,0.459077384,0.487958209,0.472893964,44.65962472,355.1529486,0.100728863,0.031730616,-0.197419836,domain
126,MERFISH,Hypothalamus,Animal1_Bregma-0.04,SpaGCN,0.104917959,0.193510663,0.258509888,0.41654519,0.194759709,0.192277536,0.193510663,46.81073833,596.7375154,0.625728863,0.049697739,-0.176534892,domain
127,MERFISH,Hypothalamus,Animal1_Bregma-0.04,SpaceFlow,0.459091984,0.587841842,0.551411639,0.722995627,0.591128612,0.584592401,0.587841842,61.33050675,391.4589893,0.037609329,0.029677062,-0.127388111,domain
128,MERFISH,Hypothalamus,Animal1_Bregma-0.04,SpatialMGCN,0.071630112,0.17439127,0.295219177,0.346027697,0.159576014,0.192239002,0.17439127,53.5790298,475.5191916,0.464650146,0.053932041,-0.184433113,domain
129,MERFISH,Hypothalamus,Animal1_Bregma-0.04,stLearn,0.114368358,0.199030781,0.267508703,0.41191691,0.200689948,0.197421812,0.199030781,1.556671715,24.44513702,0.688921283,0.056644078,-0.13801135,domain
130,MERFISH,Hypothalamus,Animal1_Bregma-0.09,BASS,0.363058427,0.632542453,0.508980638,0.810869174,0.695256738,0.580206089,0.632542453,888.2979719,1562.12,0.51034731,0.055067088,-0.143834594,celltype
131,MERFISH,Hypothalamus,Animal1_Bregma-0.09,Banksy,0.320857224,0.584937994,0.512832124,0.735468778,0.584335126,0.585542108,0.584937994,14.80779514,90.63806458,0.385099874,0.051368541,-0.192414183,celltype
132,MERFISH,Hypothalamus,Animal1_Bregma-0.09,CCST,0.097814277,0.17382742,0.288516526,0.525067482,0.19015538,0.160094601,0.17382742,504.7157276,2036.059761,0.106568292,0.031306753,-0.168350812,celltype
133,MERFISH,Hypothalamus,Animal1_Bregma-0.09,CellCharter,0.305154011,0.499800179,0.459331795,0.755803491,0.558896127,0.45229075,0.499800179,9.999185944,90.59265423,0.560950153,0.050859474,-0.171295593,celltype
134,MERFISH,Hypothalamus,Animal1_Bregma-0.09,DeepST,0.240762388,0.394469185,0.474037587,0.66442325,0.373295676,0.419822052,0.394469185,262.9172471,720.8849726,0.207737988,0.041132766,-0.113602886,celltype
135,MERFISH,Hypothalamus,Animal1_Bregma-0.09,GraphST,0.100503594,0.183555016,0.289113959,0.549217204,0.201556191,0.16850562,0.183555016,16.62789927,970.0878145,0.138024114,0.031386052,-0.140905237,celltype
136,MERFISH,Hypothalamus,Animal1_Bregma-0.09,PRECAST,0.412384684,0.618867233,0.549298619,0.869174015,0.696411338,0.556861719,0.618867233,30.58869801,138.8,0.605542559,0.056441144,-0.16103329,celltype
137,MERFISH,Hypothalamus,Animal1_Bregma-0.09,SEDR,0.219778382,0.396996915,0.393011494,0.63696239,0.434777724,0.365319366,0.396996915,24.84148908,721.0386019,0.37084758,0.042785406,-0.190000848,celltype
138,MERFISH,Hypothalamus,Animal1_Bregma-0.09,STAGATE,0.082836155,0.160887246,0.281608334,0.527982724,0.17469349,0.149139825,0.160887246,43.52582903,363.8622227,0.104408854,0.03253006,-0.161802286,celltype
139,MERFISH,Hypothalamus,Animal1_Bregma-0.09,SpaGCN,0.285928046,0.462983052,0.45017662,0.707036171,0.489604744,0.43910711,0.462983052,20.44874063,602.4363319,0.533021414,0.045710538,-0.156546953,celltype
140,MERFISH,Hypothalamus,Animal1_Bregma-0.09,SpaceFlow,0.089323388,0.152059475,0.27110544,0.520820587,0.171355304,0.136680273,0.152059475,53.87064443,400.2984171,0.042828864,0.029821372,-0.103483293,celltype
141,MERFISH,Hypothalamus,Animal1_Bregma-0.09,SpatialMGCN,0.367211363,0.60594413,0.512197399,0.824365665,0.666380652,0.555558479,0.60594413,46.39550791,487.3651573,0.57477056,0.056637774,-0.180212146,celltype
142,MERFISH,Hypothalamus,Animal1_Bregma-0.09,stLearn,0.40935826,0.644821252,0.546549336,0.857621019,0.721209028,0.583085114,0.644821252,1.576029825,24.67087994,0.64876732,0.057702478,-0.151956608,celltype
143,MERFISH,Hypothalamus,Animal1_Bregma-0.09,BASS,0.57101358,0.636813005,0.643264738,0.76750045,0.653952516,0.620548971,0.636813005,970.2214,1678.54,0.052906244,0.031303633,-0.043067074,domain
144,MERFISH,Hypothalamus,Animal1_Bregma-0.09,Banksy,0.306798327,0.497688387,0.449118347,0.610941155,0.482693602,0.513644661,0.497688387,11.14942551,90.65256042,0.056865215,0.029818718,-0.153006907,domain
145,MERFISH,Hypothalamus,Animal1_Bregma-0.09,CCST,0.329075343,0.441652322,0.442974491,0.593449703,0.448421552,0.435205896,0.441652322,499.0746916,2043.071958,0.057657009,0.030132706,-0.124998119,domain
146,MERFISH,Hypothalamus,Animal1_Bregma-0.09,CellCharter,0.175442026,0.282770611,0.316146353,0.479467338,0.28750684,0.27824084,0.282770611,9.753859425,90.60304871,0.492531942,0.048694056,-0.163006858,domain
147,MERFISH,Hypothalamus,Animal1_Bregma-0.09,DeepST,0.16996762,0.329981925,0.444759927,0.434802951,0.263921861,0.452987098,0.329981925,276.0112531,720.9104492,0.14900126,0.037258642,-0.162662377,domain
148,MERFISH,Hypothalamus,Animal1_Bregma-0.09,GraphST,0.398853259,0.502212506,0.501273307,0.655749505,0.508174287,0.496388988,0.502212506,15.37557287,970.127124,0.129566313,0.030717584,-0.115506528,domain
149,MERFISH,Hypothalamus,Animal1_Bregma-0.09,PRECAST,0.177446051,0.246351411,0.324864371,0.454381861,0.246273645,0.246429227,0.246351411,28.26570001,129.08,0.569911823,0.053828715,-0.11195838,domain
150,MERFISH,Hypothalamus,Animal1_Bregma-0.09,SEDR,0.264830631,0.383147211,0.414983639,0.540795393,0.371046666,0.396525039,0.383147211,24.23760118,721.0614349,0.34565413,0.042802909,-0.189379329,domain
151,MERFISH,Hypothalamus,Animal1_Bregma-0.09,STAGATE,0.419393174,0.514803529,0.532219742,0.660356307,0.499499242,0.531211501,0.514803529,43.7298017,363.8839724,0.097066763,0.032160597,-0.171415958,domain
152,MERFISH,Hypothalamus,Animal1_Bregma-0.09,SpaGCN,0.202816523,0.300853284,0.345431554,0.504948713,0.29868645,0.303051787,0.300853284,38.82943711,609.2886593,0.529782257,0.045717377,-0.156210379,domain
153,MERFISH,Hypothalamus,Animal1_Bregma-0.09,SpaceFlow,0.539010691,0.627103941,0.617564972,0.762065863,0.636310807,0.618438875,0.627103941,60.76667666,404.9799063,0.037322296,0.029647559,-0.09224617,domain
154,MERFISH,Hypothalamus,Animal1_Bregma-0.09,SpatialMGCN,0.206735346,0.278640804,0.359226507,0.486593486,0.272569291,0.284988967,0.278640804,52.98850217,487.2193571,0.511786935,0.05452404,-0.092230864,domain
155,MERFISH,Hypothalamus,Animal1_Bregma-0.09,stLearn,0.187693695,0.269275454,0.326771913,0.482634515,0.273137631,0.265556904,0.269275454,1.496013975,24.69301472,0.615763901,0.054154756,-0.133730602,domain
156,MERFISH,Hypothalamus,Animal1_Bregma-0.14,BASS,0.430872509,0.651882769,0.567319753,0.858083024,0.722420361,0.593894523,0.651882769,917.836476,1746.84,0.500843739,0.052996863,-0.151662066,celltype
157,MERFISH,Hypothalamus,Animal1_Bregma-0.14,Banksy,0.295716661,0.560763464,0.485036429,0.740465744,0.57871575,0.54389146,0.560763464,12.90122299,96.63917809,0.385420182,0.048974097,-0.2294488,celltype
158,MERFISH,Hypothalamus,Animal1_Bregma-0.14,CCST,0.082852548,0.169503703,0.279332441,0.54238947,0.18755523,0.154631427,0.169503703,566.4448424,2310.646358,0.091697604,0.029972643,-0.163145784,celltype
159,MERFISH,Hypothalamus,Animal1_Bregma-0.14,CellCharter,0.294985642,0.46010373,0.45656724,0.723489706,0.507078683,0.421232888,0.46010373,8.370350266,96.57931938,0.490482619,0.049227473,-0.142703912,celltype
160,MERFISH,Hypothalamus,Animal1_Bregma-0.14,DeepST,0.244642085,0.392447189,0.489207994,0.67121161,0.367068528,0.423412763,0.392447189,284.3042352,818.7911835,0.178737766,0.03923113,-0.148410431,celltype
161,MERFISH,Hypothalamus,Animal1_Bregma-0.14,GraphST,0.046802711,0.176826603,0.264350053,0.557880526,0.194232723,0.162283597,0.176826603,17.08808184,1101.219735,0.14242322,0.030239326,-0.127163916,celltype
162,MERFISH,Hypothalamus,Animal1_Bregma-0.14,PRECAST,0.397124039,0.604493431,0.539268985,0.828720891,0.671973868,0.549329128,0.604493431,32.63159404,137.62,0.547249409,0.054268233,-0.132698286,celltype
163,MERFISH,Hypothalamus,Animal1_Bregma-0.14,SEDR,0.279532387,0.509825646,0.44749973,0.736922038,0.557604865,0.469711102,0.509825646,24.77449083,818.9510078,0.432568343,0.046770036,-0.197827456,celltype
164,MERFISH,Hypothalamus,Animal1_Bregma-0.14,STAGATE,0.114168186,0.190714205,0.30262857,0.572224097,0.212765044,0.172805867,0.190714205,44.01782985,412.8495222,0.115457307,0.031450135,-0.180728014,celltype
165,MERFISH,Hypothalamus,Animal1_Bregma-0.14,SpaGCN,0.328010781,0.492426963,0.480583709,0.795646304,0.551210032,0.444973364,0.492426963,10.36167979,685.2212864,0.554168073,0.04823724,-0.197525792,celltype
166,MERFISH,Hypothalamus,Animal1_Bregma-0.14,SpaceFlow,0.076403021,0.136771184,0.260341376,0.531859602,0.155811153,0.121900743,0.136771184,76.64413571,463.4297892,0.034357071,0.028784483,-0.072223907,celltype
167,MERFISH,Hypothalamus,Animal1_Bregma-0.14,SpatialMGCN,0.407083866,0.660547044,0.551802508,0.834627067,0.713720342,0.614747388,0.660547044,52.10025458,552.9982676,0.478569018,0.053523375,-0.184290179,celltype
168,MERFISH,Hypothalamus,Animal1_Bregma-0.14,stLearn,0.435635719,0.647546695,0.570962378,0.866621667,0.718643998,0.589328446,0.647546695,1.634195423,26.28834305,0.581471482,0.056009894,-0.147407121,celltype
169,MERFISH,Hypothalamus,Animal1_Bregma-0.14,BASS,0.590302145,0.637153427,0.664576898,0.788896389,0.650247984,0.62457585,0.637153427,1013.147354,1690.04,0.043536956,0.029225609,-0.064647021,domain
170,MERFISH,Hypothalamus,Animal1_Bregma-0.14,Banksy,0.286833987,0.507913386,0.443333848,0.64242322,0.494282384,0.522317523,0.507913386,11.44137425,96.64812374,0.055349308,0.028889042,-0.155333791,domain
171,MERFISH,Hypothalamus,Animal1_Bregma-0.14,CCST,0.307726385,0.46352698,0.426155551,0.628923388,0.481207405,0.447127486,0.46352698,555.5906925,2318.108562,0.048228147,0.029014426,-0.072379916,domain
172,MERFISH,Hypothalamus,Animal1_Bregma-0.14,CellCharter,0.210988324,0.320304806,0.365549129,0.529699629,0.31724062,0.323429661,0.320304806,10.7606101,96.59005699,0.402632467,0.045884549,-0.160876455,domain
173,MERFISH,Hypothalamus,Animal1_Bregma-0.14,DeepST,0.220470553,0.376670669,0.466029639,0.509652379,0.317372468,0.472690953,0.376670669,296.8836077,818.8003422,0.149780628,0.036859511,-0.126378657,domain
174,MERFISH,Hypothalamus,Animal1_Bregma-0.14,GraphST,0.405679676,0.495300338,0.526692528,0.67279784,0.486841304,0.504058527,0.495300338,15.40107808,1101.244938,0.121160985,0.029637133,-0.135258658,domain
175,MERFISH,Hypothalamus,Animal1_Bregma-0.14,PRECAST,0.198312986,0.273059462,0.368689084,0.497131286,0.264526336,0.282161463,0.273059462,29.99534206,127.92,0.425919676,0.050679743,-0.09959075,domain
176,MERFISH,Hypothalamus,Animal1_Bregma-0.14,SEDR,0.227138747,0.337376795,0.380272161,0.536280796,0.334168299,0.340758434,0.337376795,24.30241871,818.9606081,0.408201147,0.046156391,-0.178552851,domain
177,MERFISH,Hypothalamus,Animal1_Bregma-0.14,STAGATE,0.361236317,0.492360902,0.489082319,0.622173473,0.483374332,0.501743908,0.492360902,44.46594052,412.8806986,0.087512656,0.030468982,-0.192497326,domain
178,MERFISH,Hypothalamus,Animal1_Bregma-0.14,SpaGCN,0.188121492,0.265771169,0.333798963,0.494768815,0.270560189,0.261148735,0.265771169,61.41427078,699.8333027,0.498987513,0.048075874,-0.123558269,domain
179,MERFISH,Hypothalamus,Animal1_Bregma-0.14,SpaceFlow,0.462109784,0.56721071,0.557071843,0.698751266,0.583129566,0.552163737,0.56721071,68.08270516,448.5061926,0.028889639,0.028694489,-0.072575099,domain
180,MERFISH,Hypothalamus,Animal1_Bregma-0.14,SpatialMGCN,0.204800453,0.283090524,0.372177025,0.493418832,0.275517224,0.291091936,0.283090524,59.50582757,552.8985441,0.434863314,0.051877528,-0.08476072,domain
181,MERFISH,Hypothalamus,Animal1_Bregma-0.14,stLearn,0.196236014,0.267513516,0.34109386,0.486196423,0.271687639,0.26348003,0.267513516,1.551521921,26.30899258,0.567296659,0.052599107,-0.147215773,domain
182,MERFISH,Hypothalamus,Animal1_Bregma-0.19,BASS,0.444651505,0.666374671,0.574770245,0.880062037,0.734793444,0.609611917,0.666374671,907.3506021,1712.48,0.535585042,0.052790041,-0.153173569,celltype
183,MERFISH,Hypothalamus,Animal1_Bregma-0.19,Banksy,0.392905856,0.592560168,0.542478701,0.753575737,0.62533211,0.563052148,0.592560168,12.30469341,94.63707294,0.432534896,0.051072064,-0.128133675,celltype
184,MERFISH,Hypothalamus,Animal1_Bregma-0.19,CCST,0.094470575,0.178869871,0.291342585,0.548543857,0.193027862,0.166666133,0.178869871,542.7478426,2227.89639,0.083991039,0.02962197,-0.151276711,celltype
185,MERFISH,Hypothalamus,Animal1_Bregma-0.19,CellCharter,0.219047475,0.416598685,0.395715479,0.685783216,0.452524157,0.386739775,0.416598685,7.111450052,94.58683414,0.469033259,0.048589329,-0.136612269,celltype
186,MERFISH,Hypothalamus,Animal1_Bregma-0.19,DeepST,0.377405755,0.446591225,0.621934365,0.697811477,0.388477354,0.534054735,0.446591225,279.8520174,785.4630547,0.194485611,0.039674292,-0.183898806,celltype
187,MERFISH,Hypothalamus,Animal1_Bregma-0.19,GraphST,0.101506203,0.196395087,0.304273072,0.555574703,0.209510785,0.184824771,0.196395087,15.76809378,1056.585638,0.122005859,0.030138706,-0.123340537,celltype
188,MERFISH,Hypothalamus,Animal1_Bregma-0.19,PRECAST,0.367272948,0.614369089,0.511843754,0.795278304,0.674444493,0.56412066,0.614369089,32.51265001,138,0.505255902,0.052096821,-0.157710258,celltype
189,MERFISH,Hypothalamus,Animal1_Bregma-0.19,SEDR,0.287239692,0.475359831,0.44955035,0.725762537,0.516296921,0.440694952,0.475359831,24.73072214,785.6205204,0.389557126,0.044039356,-0.185159742,celltype
190,MERFISH,Hypothalamus,Animal1_Bregma-0.19,STAGATE,0.099201374,0.195583417,0.295990731,0.558125108,0.210844121,0.182390305,0.195583417,43.35572629,396.0915838,0.105945201,0.03112444,-0.146059367,celltype
191,MERFISH,Hypothalamus,Animal1_Bregma-0.19,SpaGCN,0.313541842,0.508790012,0.468873631,0.750473893,0.554327518,0.470166276,0.508790012,16.04026012,658.2285095,0.488712735,0.046102371,-0.17353029,celltype
192,MERFISH,Hypothalamus,Animal1_Bregma-0.19,SpaceFlow,0.061479591,0.134324455,0.241696584,0.509943133,0.151405042,0.120709282,0.134324455,41.71008515,416.4178196,0.04318456,0.028993362,-0.03770424,celltype
193,MERFISH,Hypothalamus,Animal1_Bregma-0.19,SpatialMGCN,0.458038114,0.650808366,0.586171338,0.861967948,0.704021873,0.605073848,0.650808366,46.88501883,530.5122169,0.571256247,0.053010973,-0.149096744,celltype
194,MERFISH,Hypothalamus,Animal1_Bregma-0.19,stLearn,0.452911657,0.657508005,0.582073392,0.880682406,0.728859738,0.598944885,0.657508005,1.499024487,25.75504398,0.619369292,0.054860088,-0.149405472,celltype
195,MERFISH,Hypothalamus,Animal1_Bregma-0.19,BASS,0.619921963,0.710249419,0.694060961,0.745304153,0.681654718,0.741348199,0.710249419,986.783272,1650.58,0.034809581,0.029486167,-0.050560927,domain
196,MERFISH,Hypothalamus,Animal1_Bregma-0.19,Banksy,0.386634103,0.587467961,0.52008886,0.667585732,0.55556937,0.623252659,0.587467961,12.05450373,94.64659595,0.058935034,0.029340941,-0.112161298,domain
197,MERFISH,Hypothalamus,Animal1_Bregma-0.19,CCST,0.324319411,0.441608377,0.444775922,0.569050491,0.420392215,0.465470044,0.441608377,538.4956191,2234.352919,0.05814234,0.028812808,-0.149717378,domain
198,MERFISH,Hypothalamus,Animal1_Bregma-0.19,CellCharter,0.174246373,0.287978232,0.324889586,0.416301913,0.277282368,0.30020557,0.287978232,9.843776846,94.598452,0.473720489,0.047290512,-0.131255309,domain
199,MERFISH,Hypothalamus,Animal1_Bregma-0.19,DeepST,0.13420941,0.308195174,0.414933392,0.379355506,0.238055309,0.440164717,0.308195174,292.1686604,785.4713549,0.157952783,0.037198516,-0.174720363,domain
200,MERFISH,Hypothalamus,Animal1_Bregma-0.19,GraphST,0.492661309,0.576366343,0.583510538,0.718766155,0.561942946,0.591549656,0.576366343,15.08967195,1056.610355,0.125969326,0.030608621,-0.127163175,domain
201,MERFISH,Hypothalamus,Animal1_Bregma-0.19,PRECAST,0.256628709,0.318115507,0.384167116,0.497673617,0.313891602,0.322454641,0.318115507,30.51636395,128.3,0.470273996,0.04879021,-0.154302202,domain
202,MERFISH,Hypothalamus,Animal1_Bregma-0.19,SEDR,0.271786036,0.393709528,0.414116827,0.515354127,0.375194121,0.414222469,0.393709528,22.78088789,785.6297894,0.360503188,0.042656004,-0.187650937,domain
203,MERFISH,Hypothalamus,Animal1_Bregma-0.19,STAGATE,0.427776378,0.563234557,0.535762149,0.671376874,0.543827461,0.584705023,0.563234557,43.90159645,396.1358292,0.102188523,0.030821322,-0.148780657,domain
204,MERFISH,Hypothalamus,Animal1_Bregma-0.19,SpaGCN,0.218078351,0.2776328,0.340997807,0.477166983,0.280079508,0.275228469,0.2776328,55.30466919,662.094944,0.577976908,0.04771438,-0.125595994,domain
205,MERFISH,Hypothalamus,Animal1_Bregma-0.19,SpaceFlow,0.447466686,0.584139319,0.536859571,0.684645873,0.577955316,0.590477924,0.584139319,52.53413286,426.179229,0.038359469,0.028917541,-0.003545549,domain
206,MERFISH,Hypothalamus,Animal1_Bregma-0.19,SpatialMGCN,0.187372634,0.265614693,0.332238731,0.432534896,0.25689206,0.274950492,0.265614693,60.49810166,530.5373716,0.547647768,0.052094406,-0.118922434,domain
207,MERFISH,Hypothalamus,Animal1_Bregma-0.19,stLearn,0.199368962,0.266638817,0.331859633,0.445872824,0.264554411,0.268790608,0.266638817,1.43357935,25.76864872,0.598069964,0.052253686,-0.135430709,domain
208,MERFISH,Hypothalamus,Animal1_Bregma-0.24,BASS,0.532138894,0.714478255,0.63518937,0.899693307,0.776145978,0.661888704,0.714478255,842.5564499,1657.26,0.58434061,0.054870191,-0.139705628,celltype
209,MERFISH,Hypothalamus,Animal1_Bregma-0.24,Banksy,0.420908345,0.639429768,0.566773067,0.75771243,0.63879247,0.640068339,0.639429768,12.5969511,90.41055355,0.452282158,0.052957058,-0.17523079,celltype
210,MERFISH,Hypothalamus,Animal1_Bregma-0.24,CCST,0.09431476,0.187762664,0.276336184,0.514522822,0.200441047,0.176593466,0.187762664,499.5245391,2027.094785,0.093703771,0.030913924,-0.089790666,celltype
211,MERFISH,Hypothalamus,Animal1_Bregma-0.24,CellCharter,0.40564623,0.56905301,0.529524855,0.801226773,0.619341493,0.526326651,0.56905301,8.189117765,90.36032963,0.614143965,0.053414073,-0.139233653,celltype
212,MERFISH,Hypothalamus,Animal1_Bregma-0.24,DeepST,0.478726317,0.509035325,0.621017769,0.762944254,0.493175652,0.525955701,0.509035325,260.4843627,717.2930084,0.347645679,0.045314999,-0.164459536,celltype
213,MERFISH,Hypothalamus,Animal1_Bregma-0.24,GraphST,0.067611656,0.192131341,0.266918028,0.513440375,0.203167728,0.182232205,0.192131341,14.45245838,965.2759705,0.13458416,0.030488818,-0.128806881,celltype
214,MERFISH,Hypothalamus,Animal1_Bregma-0.24,PRECAST,0.502890049,0.660945527,0.610516588,0.871549702,0.717445246,0.61269502,0.660945527,32.495156,139.08,0.648204943,0.057378821,-0.146978015,celltype
215,MERFISH,Hypothalamus,Animal1_Bregma-0.24,SEDR,0.351008315,0.519364607,0.502353602,0.726610139,0.532711423,0.506758505,0.519364607,25.90923204,717.446471,0.444921523,0.046616461,-0.199392883,celltype
216,MERFISH,Hypothalamus,Animal1_Bregma-0.24,STAGATE,0.085943371,0.190954243,0.261935049,0.522460761,0.208849515,0.175890352,0.190954243,41.13437262,361.7210535,0.132022371,0.032742578,-0.10708688,celltype
217,MERFISH,Hypothalamus,Animal1_Bregma-0.24,SpaGCN,0.427436508,0.562476415,0.547706528,0.824282879,0.613794815,0.519077203,0.562476415,11.07242503,599.439481,0.574598593,0.050400831,-0.132601167,celltype
218,MERFISH,Hypothalamus,Animal1_Bregma-0.24,SpaceFlow,0.088607507,0.149429706,0.253494816,0.506981779,0.166697538,0.135415744,0.149429706,45.96893382,384.3915138,0.047627638,0.029786386,0.005611717,celltype
219,MERFISH,Hypothalamus,Animal1_Bregma-0.24,SpatialMGCN,0.467024886,0.653140088,0.581325819,0.848277106,0.699269773,0.612719952,0.653140088,42.94815726,484.9416176,0.629803356,0.05632039,-0.160755085,celltype
220,MERFISH,Hypothalamus,Animal1_Bregma-0.24,stLearn,0.53340711,0.699601416,0.636146768,0.893487281,0.758194678,0.649487453,0.699601416,1.417745113,24.60979996,0.629153888,0.057278801,-0.132244667,celltype
221,MERFISH,Hypothalamus,Animal1_Bregma-0.24,BASS,0.673174525,0.691044652,0.730633999,0.808587408,0.679331039,0.703169306,0.691044652,947.7675,1507.4,0.041313368,0.030940032,-0.00618188,domain
222,MERFISH,Hypothalamus,Animal1_Bregma-0.24,Banksy,0.261921769,0.508912143,0.427039949,0.612664622,0.476128232,0.546544588,0.508912143,10.76521478,90.41890945,0.06332311,0.030018153,-0.123958262,domain
223,MERFISH,Hypothalamus,Animal1_Bregma-0.24,CCST,0.335732942,0.464735216,0.454266968,0.602706116,0.450392915,0.480187092,0.464735216,494.1078045,2034.085552,0.065848818,0.030024065,-0.137143222,domain
224,MERFISH,Hypothalamus,Animal1_Bregma-0.24,CellCharter,0.192481543,0.285507915,0.332394038,0.451957424,0.281702877,0.289661925,0.285507915,10.18424611,90.3715517,0.5509291,0.050813241,-0.102392931,domain
225,MERFISH,Hypothalamus,Animal1_Bregma-0.24,DeepST,0.174507713,0.307913189,0.396912903,0.446545192,0.267191267,0.368349384,0.307913189,271.971054,717.3010685,0.275410428,0.042702101,-0.154563228,domain
226,MERFISH,Hypothalamus,Animal1_Bregma-0.24,GraphST,0.423199056,0.543472382,0.536106707,0.684286487,0.521819461,0.567000074,0.543472382,14.00072832,965.2992994,0.12195562,0.029824016,-0.130970998,domain
227,MERFISH,Hypothalamus,Animal1_Bregma-0.24,PRECAST,0.186830227,0.258115881,0.335125715,0.459859282,0.251576051,0.265004797,0.258115881,30.53386598,129.38,0.524806062,0.052716267,-0.133055445,domain
228,MERFISH,Hypothalamus,Animal1_Bregma-0.24,SEDR,0.203958394,0.340612675,0.363641088,0.477647483,0.32300633,0.36056425,0.340612675,23.74893627,717.4558235,0.420169583,0.044742346,-0.196311465,domain
229,MERFISH,Hypothalamus,Animal1_Bregma-0.24,STAGATE,0.434107005,0.565335347,0.533088457,0.686740032,0.560862101,0.570097499,0.565335347,40.74114337,361.7775492,0.124048349,0.03212709,-0.120589282,domain
230,MERFISH,Hypothalamus,Animal1_Bregma-0.24,SpaGCN,0.19208225,0.260198903,0.331318117,0.462745806,0.257139272,0.263332221,0.260198903,25.19120398,604.7012831,0.568103915,0.048888117,-0.119578067,domain
231,MERFISH,Hypothalamus,Animal1_Bregma-0.24,SpaceFlow,0.486848395,0.622638337,0.568246215,0.775067653,0.636932449,0.60897266,0.622638337,43.85758567,381.321084,0.042107162,0.029628479,0.016800386,domain
232,MERFISH,Hypothalamus,Animal1_Bregma-0.24,SpatialMGCN,0.119799783,0.227842403,0.312480005,0.402670034,0.211366298,0.247104304,0.227842403,53.8781374,484.7282314,0.512899152,0.05272884,-0.175729352,domain
233,MERFISH,Hypothalamus,Animal1_Bregma-0.24,stLearn,0.190618649,0.265336649,0.325930549,0.460616994,0.264676573,0.266014866,0.265336649,1.344244909,24.62666569,0.614216128,0.054426745,-0.121011059,domain
